Sr,Stroke No.,Date,Advance Time,Excavation per Stroke,Boring Energy,RPM,Torque,Thrust Force,Speed,Gripper Pressure,Total Revolution,Front Shield Pressure LHS,Front Shield Pressure rHS,Q-Value,Q-Value based,Penetration
,,,,,,,,,,,,,,,,
1,3812,2016-01-23 00:00:00,16,1.612,1.3,2.3,500,3600,101,253,37,80,58,4,5,44.5
2,3813,2016-01-23 00:00:00,78,1.559,9.9,2.3,800,3224,20,242,179,60,62,4,4,8.6
3,3814,2016-01-23 00:00:00,43,0.901,9.3,2,900,2895,21,245,86,69,69,4,5,10.5
4,3815,2016-01-24 00:00:00,80,1.396,15.6,2,1300,2962,18,245,160,59,66,4,3,8.9
5,3816,2016-01-24 00:00:00,71,1.526,7.1,2.3,600,3709,21,456,163,75,78,4,5,9.4
6,3817,2016-01-25 00:00:00,37,0.909,11.4,2.4,1100,3866,25,322,89,74,58,4,4,10.3
1,3819,2016-05-02 00:00:00,58,1.406,6.3,2,700,3229,24,243,116,79,74,4,5,12.2
2,3820,2016-06-02 00:00:00,60,1.444,11.9,2.2,1200,3054,24,245,132,75,75,4,4,11
3,3821,2016-09-02 00:00:00,58,1.493,8.6,2.2,900,2809,25,243,128,71,75,4,5,11.7
4,3822,2016-10-02 00:00:00,61,1.513,10.9,2.2,1100,3397,24,244,134,71,65,4,4,11.2
5,3823,2016-12-02 00:00:00,64,1.524,9.5,2.1,1000,3674,24,244,134,71,56,4,4,11.3
6,3824,2016-12-02 00:00:00,58,1.392,8.3,2.3,800,2887,24,246,133,55,81,4,5,10.6
7,3825,2016-02-13 00:00:00,54,1.416,10.5,2.3,1100,3032,26,234,124,58,82,4,4,11.2
8,3826,2016-02-14 00:00:00,60,1.42,7.9,2.2,800,2566,24,223,132,68,79,4,5,10.8
9,3827,2016-02-14 00:00:00,58,1.39,9.4,2.1,1000,2596,24,215,122,50,63,4,5,11.4
10,3828,2016-02-15 00:00:00,52,1.442,9.3,2.4,1000,2830,28,225,125,66,70,4,5,11.8
11,3829,2016-02-15 00:00:00,37,1.005,9.7,2.2,1100,2707,27,245,81,77,80,4,4,12.4
12,3830,2016-02-16 00:00:00,67,1.407,8.6,2.1,800,2858,21,244,141,53,76,4,5,10.1
13,3831,2016-02-19 00:00:00,60,1.413,9.9,2,1100,3039,24,243,120,66,77,4,4,11.7
14,3832,2016-02-19 00:00:00,54,1.404,11.9,2.2,1300,3296,26,243,119,57,75,4,4,11.8
15,3833,2016-02-20 00:00:00,43,1.104,10,2.1,1100,3485,25,246,90,62,71,4,4,12.4
16,3834,2016-02-20 00:00:00,65,1.668,9.1,2.2,1000,3411,26,247,143,67,78,4,5,11.5
17,3835,2016-02-21 00:00:00,35,1.004,10.3,2.3,1200,2944,29,245,81,55,79,4,4,12.7
18,3836,2016-02-21 00:00:00,39,1.004,13.1,2.1,1500,2695,26,243,82,55,82,4,4,12.4
19,3837,2016-02-22 00:00:00,43,1.002,10.8,2.1,1100,2927,23,244,90,70,83,4,4,10.9
20,3838,2016-02-22 00:00:00,77,1.649,14.7,2.2,1300,3605,21,245,169,58,81,4,3,9.8
21,3839,2016-02-22 00:00:00,50,1.356,15.6,2.3,1700,3600,27,245,115,44,78,4,3,11.7
22,3840,2016-02-23 00:00:00,39,1.101,14.2,2.3,1600,3574,28,245,90,58,77,4,3,12.6
23,3841,2016-02-23 00:00:00,38,0.999,10.5,2.3,1100,3361,26,244,87,77,61,4,4,11.2
24,3842,2016-02-24 00:00:00,73,1.739,12.3,2.1,1300,3184,24,247,153,76,70,4,4,11.2
25,3843,2016-02-24 00:00:00,51,1.296,13.3,2.2,1400,3141,25,245,112,80,58,4,4,11.7
26,3844,2016-02-25 00:00:00,73,1.728,13.2,2.1,1400,3321,24,246,153,84,72,4,4,11.1
27,3845,2016-02-25 00:00:00,46,1.316,11.1,2.3,1300,3243,29,245,106,75,42,4,4,12.3
28,3846,2016-02-25 00:00:00,59,1.725,9.4,2.3,1100,3496,29,246,136,61,71,4,5,12.5
29,3847,2016-02-26 00:00:00,49,1.319,13.2,2.2,1500,3733,27,246,108,74,82,4,4,12.2
30,3848,2016-02-26 00:00:00,39,1.047,10.9,2.1,1300,3549,27,245,82,73,83,4,4,12.7
31,3849,2016-02-26 00:00:00,69,1.717,12.3,2.2,1300,3554,25,247,152,81,77,4,4,11.5
32,3850,2016-02-26 00:00:00,52,1.337,13.5,2.5,1300,3524,26,245,130,68,70,4,4,10.2
33,3851,2016-02-26 00:00:00,62,1.726,13.3,2.3,1500,3188,28,247,143,53,72,4,4,12.2
34,3852,2016-02-26 00:00:00,50,1.305,13.4,2.3,1400,3200,26,246,115,67,83,4,4,11.3
35,3853,2016-02-27 00:00:00,36,1.026,14.5,2.3,1700,3470,29,245,83,56,82,4,3,12.6
36,3854,2016-02-27 00:00:00,76,1.741,13.8,2.1,1400,3427,23,250,160,76,79,4,3,10.8
37,3855,2016-02-27 00:00:00,53,1.409,11.4,2.2,1300,3367,27,248,117,78,57,4,4,12.3
38,3856,2016-02-27 00:00:00,53,1.417,12.3,2.2,1400,3473,27,244,117,72,31,4,4,11.9
39,3857,2016-02-28 00:00:00,29,0.72,14.5,2.1,1600,3658,25,244,61,87,60,4,3,11.6
40,3858,2016-02-28 00:00:00,28,0.8,14.2,2.3,1600,3830,28,246,64,92,74,4,3,12.4
41,3859,2016-02-28 00:00:00,56,1.414,11.9,2.3,1200,3643,25,245,129,76,64,4,4,11
42,3860,2016-02-28 00:00:00,55,1.412,16.2,2.3,1700,4179,26,247,127,65,79,4,3,11
43,3861,2016-02-29 00:00:00,54,1.444,14.9,2.2,1700,3971,27,245,119,34,97,4,3,12
1,3865,2016-01-03 00:00:00,50,1.393,10.2,2.2,1200,3464,28,247,110,81,82,4,4,12.6
2,3866,2016-02-03 00:00:00,56,1.428,11.4,2.4,1100,3722,25,246,134,77,45,4,4,10.6
3,3867,2016-03-03 00:00:00,61,1.619,10.9,2.1,1300,4025,27,246,128,81,78,4,4,12.4
4,3868,2016-03-03 00:00:00,50,1.417,11.1,2.4,1200,3583,28,245,120,70,74,4,4,11.9
5,3869,2016-03-03 00:00:00,48,1.422,8.6,2.3,1000,3199,29,245,110,74,74,4,5,12.6
6,3870,2016-04-03 00:00:00,48,1.415,12.5,2.4,1400,3238,29,246,115,80,86,4,4,12.2
7,3871,2016-04-03 00:00:00,54,1.565,11.6,2.4,1300,3084,29,245,130,80,83,4,4,11.9
8,3872,2016-04-03 00:00:00,57,1.525,9.2,2.3,1000,2553,27,248,131,67,80,4,5,11.7
9,3873,2016-04-03 00:00:00,46,1.408,10.3,2.2,1300,2640,30,249,101,64,75,4,4,13.5
10,3874,2016-04-03 00:00:00,46,1.444,9.6,2.3,1200,2808,31,247,106,72,74,4,4,13.7
11,3875,2016-05-03 00:00:00,57,1.735,12.9,2.4,1500,3212,30,246,137,74,84,4,4,12.9
12,3876,2016-05-03 00:00:00,40,1.145,13.5,2.5,1400,3485,28,245,100,77,86,4,3,11.3
13,3877,2016-05-03 00:00:00,25,1.013,9.7,3,1200,3049,40,209,75,77,80,4,4,13.4
14,3878,2016-05-03 00:00:00,25,1.017,13.3,3,1600,2903,39,206,75,75,59,4,4,13
15,3879,2016-05-03 00:00:00,27,1.026,11.4,3.1,1300,2812,38,206,84,69,61,4,4,12.5
16,3880,2016-05-03 00:00:00,24,1.017,10.6,3.1,1300,2994,41,207,74,68,69,4,4,13.3
17,3881,2016-06-03 00:00:00,27,1.031,11.4,3.1,1300,3315,38,207,84,69,83,4,4,12.2
18,3882,2016-06-03 00:00:00,27,1.002,14.5,3.1,1600,3426,37,206,84,75,90,4,3,11.9
19,3883,2016-06-03 00:00:00,27,1.044,12.3,3.1,1400,3505,38,207,84,73,88,4,4,12.3
20,3884,2016-06-03 00:00:00,28,1.038,10.9,3.4,1100,3290,37,205,95,75,78,4,4,10.8
21,3885,2016-07-03 00:00:00,27,1.028,13.5,3.4,1400,3407,38,208,92,78,83,4,3,11.3
22,3886,2016-07-03 00:00:00,28,1.117,13.2,3.4,1400,3524,39,205,95,81,74,4,4,11.5
23,3887,2016-07-03 00:00:00,26,1.008,11.8,3.2,1300,3517,38,198,83,76,64,4,4,11.7
24,3888,2016-07-03 00:00:00,20,1.011,12.8,3.2,1300,3714,35,208,64,77,73,4,4,13.9
25,3889,2016-08-03 00:00:00,26,1.016,13.7,3.1,1600,3854,39,208,81,72,81,4,3,12.2
26,3890,2016-08-03 00:00:00,32,1.189,14.5,3.1,1600,4128,37,206,99,81,79,4,3,11.9
27,3891,2016-08-03 00:00:00,26,1.007,9.1,3.2,1000,3774,38,207,83,63,74,4,5,11.9
28,3892,2016-08-03 00:00:00,25,1.01,10.4,3.2,1200,3656,40,207,80,68,73,4,4,12.6
29,3893,2016-08-03 00:00:00,24,1.011,9.3,3.3,1100,3493,42,208,79,59,79,4,5,12.9
30,3894,2016-08-03 00:00:00,28,1.019,10.9,3.2,1100,3761,35,206,90,78,79,4,4,11
31,3895,2016-09-03 00:00:00,25,1.046,10.2,3,1200,3642,38,208,75,69,81,4,4,12.6
32,3896,2016-09-03 00:00:00,26,1.045,8.9,2.9,1100,3863,39,208,75,84,83,4,5,13.4
33,3897,2016-09-03 00:00:00,24,1.153,10.9,3.4,1400,4156,47,207,82,84,69,4,4,13.6
34,3898,2016-09-03 00:00:00,26,0.997,11.8,3.2,1300,5145,38,208,83,87,51,4,4,12
35,3899,2016-09-03 00:00:00,23,0.897,8.5,3.4,900,4952,39,207,78,85,79,4,5,11.5
36,3900,2016-10-03 00:00:00,31,1.035,11.5,2.7,1300,4433,33,208,84,86,18,4,4,12
37,3901,2016-10-03 00:00:00,29,1.044,11.8,2.8,1400,3902,36,207,81,84,17,4,4,13
38,3902,2016-10-03 00:00:00,27,1.021,11.2,3.2,1200,3622,37,209,86,83,16,4,4,11.5
39,3903,2016-11-03 00:00:00,27,1.018,12.7,3.1,1400,3550,37,206,84,79,21,4,4,11.9
40,3904,2016-11-03 00:00:00,29,1.161,11.7,3.1,1400,3372,40,208,90,55,7,4,4,12.9
41,3905,2016-11-03 00:00:00,26,1.047,10.4,3.2,1200,2976,40,189,83,61,80,4,4,12.8
42,3906,2016-11-03 00:00:00,24,1.046,11.9,3.4,1400,3360,43,190,82,71,78,4,4,12.8
43,3907,2016-11-03 00:00:00,19,1.016,11.4,3.8,1500,3483,54,189,72,65,78,4,4,14
44,3908,2016-11-03 00:00:00,26,1.018,14.6,3.1,1700,3574,39,189,81,66,78,4,3,12.6
45,3909,2016-12-03 00:00:00,25,1.011,11.6,3.3,1300,3629,40,188,83,82,55,4,4,12.2
46,3910,2016-12-03 00:00:00,26,1.012,12.2,3.3,1300,3431,38,189,86,70,74,4,4,11.4
47,3911,2016-12-03 00:00:00,25,1.018,14.2,3.3,1600,3803,40,189,83,51,80,4,3,12
48,3912,2016-12-03 00:00:00,33,1.267,13.1,3.3,1400,4000,38,190,109,62,67,4,4,11.4
49,3913,2016-03-13 00:00:00,24,1,11,3.2,1300,3523,41,186,77,74,56,4,4,12.7
50,3914,2016-03-13 00:00:00,26,1.467,8.2,3.4,1000,3346,45,190,88,66,73,4,5,13.1
51,3915,2016-03-13 00:00:00,29,1.222,9.9,3.2,1200,3676,42,190,93,75,79,4,4,13.3
52,3916,2016-03-13 00:00:00,31,1.25,9.8,3.3,1100,3611,40,188,102,68,87,4,4,12
53,3917,2016-03-13 00:00:00,31,1.214,10.4,2.9,1300,3717,39,188,90,54,91,3,4,13.2
54,3918,2016-03-14 00:00:00,29,1.223,8.4,3.2,1000,3300,41,190,93,47,82,3,5,12.9
55,3919,2016-03-14 00:00:00,28,1.223,9.9,3.3,1200,3337,43,189,92,55,76,3,4,13.2
56,3920,2016-03-14 00:00:00,31,1.217,11.5,3.2,1300,3270,39,191,99,75,48,4,4,12.2
57,3921,2016-03-14 00:00:00,34,1.309,11,3.3,1200,3044,39,189,112,76,39,4,4,11.6
58,3922,2016-03-14 00:00:00,28,1.181,9,3.5,1000,2980,42,189,98,74,69,3,5,12
59,3923,2016-03-14 00:00:00,28,1.235,9.4,3.4,1100,3342,43,188,95,42,86,3,5,12.5
60,3924,2016-03-14 00:00:00,28,1.241,11.1,3.4,1300,3615,43,188,95,69,75,4,4,12.7
61,3925,2016-03-14 00:00:00,29,1.298,12.5,3.4,1500,3338,44,189,99,67,69,4,4,13
62,3926,2016-03-15 00:00:00,28,1.469,11.4,3.4,1300,3359,42,190,95,69,74,4,4,12.1
63,3927,2016-03-15 00:00:00,33,1.369,13.9,3.3,1600,3855,41,189,109,63,73,4,3,12.6
64,3928,2016-03-16 00:00:00,34,1.384,13.4,3.3,1500,3519,40,187,112,50,71,4,4,12.4
65,3929,2016-03-16 00:00:00,27,1.2,11,3.2,1400,2986,44,189,86,46,82,4,4,13.7
66,3930,2016-03-16 00:00:00,41,1.204,11.9,3.2,1000,2671,29,188,131,54,74,4,4,9.3
67,3931,2016-03-16 00:00:00,29,1.241,11,3.3,1300,2949,42,191,96,56,70,4,4,12.9
68,3932,2016-03-16 00:00:00,30,1.026,11.6,2.8,1300,3333,34,189,84,67,49,4,4,12.2
69,3933,2016-03-16 00:00:00,26,1.012,11.4,3.1,1300,3294,38,189,81,77,43,4,4,12.1
70,3934,2016-03-17 00:00:00,26,1.009,12.2,3.3,1300,3383,38,190,86,73,44,4,4,11.3
71,3935,2016-03-17 00:00:00,25,1.013,13.4,3.3,1500,3622,40,188,83,70,55,4,4,12
72,3936,2016-03-17 00:00:00,30,1.164,13.2,3.4,1400,3709,39,190,102,77,71,4,4,11.5
73,3937,2016-03-17 00:00:00,27,1.027,10.2,2.9,1200,3841,37,189,78,86,72,4,4,12.9
74,3938,2016-03-17 00:00:00,28,1.038,13.9,2.9,1600,3750,36,190,81,74,59,4,3,12.6
75,3939,2016-03-17 00:00:00,27,1.051,14.6,3.1,1700,3843,39,190,84,69,70,4,3,12.6
76,3940,2016-03-18 00:00:00,27,1.017,13.1,3.2,1400,3796,37,189,86,74,74,4,4,11.5
77,3941,2016-03-18 00:00:00,26,1.02,11.5,3.2,1300,3918,39,192,83,71,77,4,4,12
78,3942,2016-03-18 00:00:00,28,1.037,10.8,3,1200,3809,36,187,84,78,71,4,4,12
79,3943,2016-03-18 00:00:00,32,1.016,12.1,2.9,1200,3642,31,190,93,75,79,4,4,10.8
80,3944,2016-03-18 00:00:00,28,1.011,12,3,1300,3677,35,190,84,50,78,4,4,11.5
81,3945,2016-03-19 00:00:00,45,1.704,13.6,3.1,1500,3629,37,192,140,62,68,4,3,11.8
82,3946,2016-03-19 00:00:00,21,0.851,11,3.3,1200,3342,39,190,69,69,68,4,4,11.9
83,3947,2016-03-19 00:00:00,2,0.068,14.6,3.3,1400,2983,34,187,7,80,63,4,3,10.4
84,3948,2016-03-19 00:00:00,29,1.018,11.7,2.7,1400,3427,35,209,78,76,65,4,4,12.8
85,3949,2016-03-19 00:00:00,25,1.029,11.3,3,1400,3316,40,208,75,69,67,4,4,13.2
86,3950,2016-03-20 00:00:00,25,1.017,8.1,3,1000,3361,40,207,75,60,66,4,5,13.1
87,3951,2016-03-20 00:00:00,39,1.649,10.7,3.2,1300,3641,42,210,125,58,73,4,4,13
88,3952,2016-03-20 00:00:00,47,1.645,12.4,3,1300,3722,34,204,141,57,75,4,4,11.3
89,3953,2016-03-20 00:00:00,35,1.56,12.6,3.2,1600,3646,44,196,112,67,68,3,4,13.8
90,3954,2016-03-20 00:00:00,32,1.447,10.3,3.3,1300,2977,45,201,106,69,73,3,4,13.7
91,3955,2016-03-20 00:00:00,31,1.437,12,3.4,1500,3873,46,198,105,81,44,3,4,13.7
92,3956,2016-03-20 00:00:00,28,1.417,10.9,3.6,1400,4164,50,200,101,88,67,3,4,13.7
93,3957,2016-03-20 00:00:00,31,1.413,13.8,3.6,1600,4342,45,198,112,83,55,3,3,12.4
94,3958,2016-03-20 00:00:00,32,1.415,12.3,3.5,1400,3318,43,200,112,75,69,3,4,12.4
95,3959,2016-03-21 00:00:00,33,1.417,11.4,3.5,1300,3680,43,198,116,55,83,3,4,12.1
96,3960,2016-03-21 00:00:00,33,1.376,12.5,3.4,1400,3861,41,198,112,44,76,3,4,12
97,3961,2016-03-21 00:00:00,28,1.22,9.6,3.1,1200,3224,42,198,87,63,76,4,4,13.8
98,3962,2016-03-21 00:00:00,29,1.221,10.1,3.2,1200,3433,41,198,93,71,78,4,4,12.7
99,3963,2016-03-21 00:00:00,29,1.241,11,3.3,1300,3658,42,197,96,78,59,4,4,12.8
100,3964,2016-03-21 00:00:00,29,1.231,11.5,3.2,1400,3587,42,196,93,72,51,4,4,13
101,3965,2016-03-22 00:00:00,28,1.215,8.3,3.3,1000,3624,43,199,92,61,70,4,5,13
102,3966,2016-03-22 00:00:00,35,1.409,10.7,3.3,1200,4732,40,196,116,80,53,4,4,12
103,3967,2016-03-22 00:00:00,34,1.416,9.9,3.2,1200,4730,42,197,109,83,70,4,4,13.2
104,3968,2016-03-22 00:00:00,29,1.424,11.8,3.5,1500,4762,48,196,102,73,86,4,4,13.9
105,3969,2016-03-22 00:00:00,29,1.436,11.6,3.5,1500,4516,49,198,102,64,94,4,4,13.9
106,3970,2016-03-22 00:00:00,28,1.409,11.7,3.6,1500,3794,50,198,101,59,88,4,4,13.8
107,3971,2016-03-23 00:00:00,32,1.438,12.4,3.7,1400,3387,45,195,118,72,68,4,4,12.3
108,3972,2016-03-23 00:00:00,31,1.412,10.8,3.4,1300,2609,44,197,105,57,75,4,4,13.2
109,3973,2016-03-23 00:00:00,32,1.416,11.3,3.3,1400,2355,44,199,106,62,62,4,4,13.3
110,3974,2016-03-23 00:00:00,33,1.521,10.1,3.3,1300,2486,46,197,109,67,61,4,4,13.9
111,3975,2016-03-23 00:00:00,29,1.429,8.7,3.5,1100,2852,48,197,102,81,59,4,5,13.9
112,3976,2016-03-23 00:00:00,28,1.441,11.4,3.6,1500,3515,51,189,101,75,57,4,4,14.3
113,3977,2016-03-23 00:00:00,28,1.402,12.2,3.7,1500,3483,49,187,104,73,75,4,4,13.3
114,3978,2016-03-23 00:00:00,29,1.487,11.7,3.6,1500,3784,50,186,104,82,59,4,4,13.8
115,3979,2016-03-23 00:00:00,26,1.439,13.6,4,1700,3973,54,189,104,85,41,4,4,13.6
116,3980,2016-03-24 00:00:00,26,1.291,11.1,4.1,1200,3860,48,189,107,73,76,4,4,11.8
117,3981,2016-03-24 00:00:00,30,1.435,11.4,3.8,1300,3602,47,190,114,85,50,4,4,12.4
118,3982,2016-03-24 00:00:00,36,1.417,10,3.6,1000,3254,39,200,130,79,63,4,4,11.1
119,3983,2016-03-24 00:00:00,30,1.428,10.7,3.8,1200,3498,46,197,114,78,74,4,4,12.3
120,3984,2016-03-25 00:00:00,31,1.418,13.7,3.8,1500,3412,45,196,118,66,70,4,3,13.6
121,3985,2016-03-25 00:00:00,33,1.421,11.3,3.2,1400,3533,43,199,106,55,72,4,4,13.3
122,3986,2016-03-25 00:00:00,35,1.524,13.7,3.2,1700,3752,43,199,112,54,71,4,3,13.5
123,3987,2016-03-25 00:00:00,30,1.431,8.3,3.6,1000,3282,47,198,108,73,74,4,5,13.1
124,3988,2016-03-25 00:00:00,26,1.425,10.3,3.9,1300,3480,53,197,101,76,69,4,4,13.7
125,3989,2016-03-25 00:00:00,26,1.278,10.3,3.9,1200,3456,49,199,101,79,78,4,4,12.4
126,3990,2016-03-25 00:00:00,28,1.441,11,3.9,1300,3480,50,198,109,81,68,4,4,12.9
128,3992,2016-03-25 00:00:00,26,1.241,11.6,3.6,1400,3616,47,199,94,70,82,4,4,13
129,3993,2016-03-26 00:00:00,28,1.277,10.3,3.3,1300,3488,45,200,92,44,86,4,4,13.5
130,3994,2016-03-26 00:00:00,29,1.312,8.7,3.3,1100,3334,45,198,96,57,75,4,5,13.5
131,3995,2016-03-26 00:00:00,36,1.567,11.6,3.3,1400,3339,43,200,119,65,66,4,4,13
132,3996,2016-03-26 00:00:00,21,1.116,13.7,3.8,1700,3119,51,195,80,67,79,4,3,13.3
133,3997,2016-03-26 00:00:00,23,1.2,12.4,3.9,1500,3196,51,199,90,50,76,4,4,13
134,3998,2016-03-26 00:00:00,35,1.409,10.1,3.4,1100,3034,40,198,119,75,57,4,4,11.9
135,3999,2016-03-27 00:00:00,30,1.411,12,3.4,1500,3131,46,198,102,66,69,4,4,13.4
136,4000,2016-03-27 00:00:00,31,1.417,10.4,3.4,1300,2886,46,198,105,51,74,4,4,13.3
137,4001,2016-03-27 00:00:00,30,1.352,11.4,3.4,1400,2749,45,198,102,64,73,4,4,13.1
138,4002,2016-03-27 00:00:00,21,1.008,8,3.5,1000,2635,47,199,74,76,53,4,5,13.6
139,4003,2016-03-27 00:00:00,25,1.236,12,3.8,1400,3135,48,200,95,67,79,4,4,12.8
140,4004,2016-03-27 00:00:00,25,1.43,12.1,4.2,1500,3165,56,200,105,52,69,4,4,13.4
141,4005,2016-03-27 00:00:00,25,1.432,9.5,4.1,1200,3458,56,198,103,69,90,4,4,13.6
142,4006,2016-03-27 00:00:00,30,1.427,8.9,3.6,1100,3611,48,202,108,69,78,4,5,13.1
143,4007,2016-03-28 00:00:00,28,1.275,10.9,3.5,1300,3698,45,200,98,70,72,4,4,13
144,4008,2016-03-28 00:00:00,30,1.321,8.8,3.5,1000,3578,43,199,105,65,76,4,5,12.5
145,4009,2016-03-28 00:00:00,0,0.032,13.7,3.5,1200,2110,33,194,0,91,71,3,4,9.3
146,4010,2016-03-28 00:00:00,18,0.729,9.1,3.3,1000,3434,39,200,59,87,68,3,5,11.8
147,4011,2016-03-28 00:00:00,16,0.798,10.3,3.8,1200,3292,48,199,61,83,72,3,4,13.2
148,4012,2016-03-28 00:00:00,26,1.417,7.8,3.8,1000,3151,53,201,99,70,68,3,5,13.7
149,4013,2016-03-28 00:00:00,25,1.433,9.3,4.1,1200,3548,57,198,103,74,76,3,5,13.8
150,4014,2016-03-28 00:00:00,6,0.379,9.2,4.1,1200,3662,58,197,25,47,65,3,5,14.3
151,4015,2016-03-28 00:00:00,1,0.04,6.9,3.3,600,2554,31,214,3,53,76,3,5,9.5
152,4016,2016-03-28 00:00:00,7,0.31,9.6,3.3,1100,3767,41,217,23,56,74,3,5,12.5
153,4017,2016-03-28 00:00:00,11,0.543,7.2,3.4,900,3245,46,199,37,46,73,3,5,13.4
154,4018,2016-03-28 00:00:00,23,1.221,11.3,3.9,1400,3604,52,198,90,57,76,3,4,13.1
155,4019,2016-03-29 00:00:00,30,1.223,12,3.5,1300,3703,41,199,105,71,85,3,4,11.7
156,4020,2016-03-29 00:00:00,38,1.527,10.7,3.5,1100,3569,39,199,133,63,73,3,4,11.1
157,4021,2016-03-30 00:00:00,29,1.21,8,3.3,900,3764,40,198,96,59,70,3,5,12.2
158,4022,2016-03-30 00:00:00,32,1.219,11.9,3.4,1200,3893,37,199,109,45,74,4,4,11.1
159,4023,2016-03-30 00:00:00,34,1.209,9.2,3.3,900,3802,35,201,112,66,64,4,5,10.7
160,4024,2016-03-30 00:00:00,32,1.223,8.7,3.4,900,3738,38,201,109,74,65,4,5,11
161,4025,2016-03-31 00:00:00,29,1.198,11.3,3.3,1300,3641,41,200,96,66,48,4,4,12.2
162,4026,2016-03-31 00:00:00,32,1.232,9.4,3.3,1000,3792,38,198,106,79,68,4,5,11.4
163,4027,2016-03-31 00:00:00,25,1.347,11.8,3.8,1500,3997,52,197,95,63,63,4,4,13.7
164,4028,2016-03-31 00:00:00,31,1.239,11.9,3.3,1300,3673,39,195,102,59,70,4,4,11.8
165,4029,2016-03-31 00:00:00,26,1.22,12.3,3.5,1500,3689,46,199,91,62,66,4,4,13.2
166,4030,2016-03-31 00:00:00,28,1.239,9.7,3.5,1100,3969,43,200,98,59,70,4,4,12.5
1,4031,2016-01-04 00:00:00,27,1.226,12,3.5,1400,4473,44,197,95,69,84,4,4,12.7
2,4032,2016-01-04 00:00:00,24,1.234,9.4,3.7,1200,4277,51,198,89,74,66,4,4,13.8
3,4033,2016-01-04 00:00:00,23,1.24,12.2,3.9,1500,4743,52,198,90,87,55,4,4,13.5
4,4034,2016-01-04 00:00:00,25,1.185,9.6,3.7,1100,4898,46,198,93,81,27,4,4,12.6
5,4035,2016-01-04 00:00:00,29,1.233,9.9,3.5,1100,4768,42,199,102,72,66,4,4,12
6,4036,2016-01-04 00:00:00,27,1.157,13.1,3.4,1500,4262,42,199,92,55,70,4,4,12.5
7,4037,2016-02-04 00:00:00,32,1.252,10.6,3.4,1100,3332,38,198,109,73,70,4,4,11.2
8,4038,2016-02-04 00:00:00,30,9.146,10.7,3.3,1200,3200,40,196,99,67,64,4,4,12.2
9,4039,2016-02-04 00:00:00,26,1.205,11.4,3.4,1400,3383,45,199,88,71,64,4,4,13.1
10,4040,2016-02-04 00:00:00,26,1.141,9.5,3.5,1100,3328,44,199,91,86,64,4,4,12.5
11,4041,2016-02-04 00:00:00,31,1.414,11,3.6,1300,3911,46,200,112,70,70,4,4,12.8
12,4042,2016-02-04 00:00:00,38,1.668,13.2,3.6,1500,3875,44,199,137,59,69,4,4,12.1
13,4043,2016-02-04 00:00:00,24,1.099,11.2,3.6,1300,3713,45,199,86,66,71,4,4,12.5
14,4044,2016-03-04 00:00:00,28,1.412,10.3,3.6,1300,3820,49,199,101,82,86,4,4,13.7
15,4045,2016-03-04 00:00:00,27,1.226,11.2,3.8,1200,3852,44,198,103,77,75,4,4,11.7
16,4046,2016-03-04 00:00:00,28,1.219,11.8,3.6,1300,4198,43,199,101,77,64,4,4,11.9
17,4047,2016-03-04 00:00:00,34,1.582,10.2,3.6,1200,4538,46,200,122,78,70,4,4,12.7
18,4048,2016-03-04 00:00:00,30,1.173,9.2,3.6,900,4499,38,199,108,73,64,4,5,10.5
19,4049,2016-04-04 00:00:00,29,1.231,8.6,3.7,900,4115,42,197,107,74,65,4,5,11.5
20,4050,2016-04-04 00:00:00,27,1.231,11.5,3.9,1200,3982,44,199,105,69,68,4,4,11.5
21,4051,2016-04-04 00:00:00,16,0.699,14.1,4,1400,4142,43,197,64,58,74,4,3,10.8
22,4052,2016-04-04 00:00:00,10,0.503,9.9,4.2,1000,4052,46,198,42,80,92,4,4,11.1
23,4053,2016-04-04 00:00:00,34,1.557,11.6,3.8,1300,5325,46,468,129,74,84,4,4,12
24,4054,2016-04-04 00:00:00,10,0.002,5.9,3.3,200,395,12,196,0,52,78,4,5,3.7
25,4055,2016-04-04 00:00:00,29,1.098,11.9,3.7,1100,4740,37,195,107,58,72,4,4,10
26,4056,2016-04-04 00:00:00,31,1.212,11.6,3.7,1100,4277,38,200,115,66,77,4,4,10.1
27,4057,2016-05-04 00:00:00,28,1.235,14.3,3.8,1500,4377,43,198,106,52,74,4,3,11.3
28,4058,2016-05-04 00:00:00,28,1.227,17.7,3.8,1900,5477,44,201,106,74,76,4,2,11.4
29,4059,2016-05-04 00:00:00,27,1.22,21.5,3.9,2300,6838,45,199,105,76,72,4,2,11.5
30,4060,2016-05-04 00:00:00,31,1.169,21.6,3.9,1900,6196,37,199,121,65,60,4,2,9.4
31,4061,2016-05-04 00:00:00,28,1.216,17.6,3.8,1800,6327,42,200,106,84,59,4,2,11
32,4062,2016-05-04 00:00:00,26,1.233,13.7,3.9,1500,4568,46,202,101,64,67,4,3,11.7
33,4063,2016-06-04 00:00:00,24,1.24,18.5,3.9,2200,5762,50,201,94,65,63,4,2,12.8
34,4064,2016-06-04 00:00:00,33,1.362,20,3.8,2000,6035,41,200,125,66,70,4,2,10.7
35,4065,2016-06-04 00:00:00,29,1.237,13.7,3.8,1400,4884,42,199,110,59,65,4,3,11
36,4066,2016-06-04 00:00:00,25,1.223,17.9,3.9,2000,6080,47,201,98,71,56,4,2,12.1
37,4067,2016-06-04 00:00:00,23,1.234,19.6,4.1,2300,6262,52,199,94,65,50,4,2,12.6
38,4068,2016-06-04 00:00:00,26,1.232,18.8,4.1,2000,5664,47,199,107,78,53,4,2,11.3
39,4069,2016-06-04 00:00:00,24,-0.101,16,4.2,1800,4754,51,196,101,86,49,4,3,12.1
40,4070,2016-06-04 00:00:00,33,1.74,17.1,4.2,2000,5271,53,198,139,79,59,4,3,12.4
41,4071,2016-07-04 00:00:00,19,0.98,11.8,4.2,1300,4346,50,199,80,82,86,4,4,11.9
42,4072,2016-07-04 00:00:00,24,1.337,13.4,4.2,1600,4259,54,200,101,63,50,4,4,12.9
43,4073,2016-07-04 00:00:00,28,1.556,14.8,4.2,1800,3906,55,200,118,50,66,4,3,13.3
44,4074,2016-07-04 00:00:00,30,1.419,13.7,3.8,1600,3577,48,200,114,52,70,4,3,12.2
45,4075,2016-07-04 00:00:00,31,1.416,14,3.9,1500,3681,45,198,121,61,82,4,3,11.9
46,4076,2016-07-04 00:00:00,24,1.226,13.3,4.1,1500,3530,50,198,98,51,76,4,4,12.3
47,4077,2016-08-04 00:00:00,24,1.209,12.6,4.1,1400,3325,49,201,98,47,73,4,4,11.8
48,4078,2016-08-04 00:00:00,23,1.234,12.9,3.9,1600,3259,52,200,90,51,178,4,4,13.2
49,4079,2016-08-04 00:00:00,24,1.203,11.2,3.9,1300,3220,49,200,94,54,58,4,4,12.8
50,4080,2016-08-04 00:00:00,18,0.925,10.6,4.1,1200,3398,50,200,74,63,46,4,4,12.3
51,4081,2016-08-04 00:00:00,14,0.751,10.2,4.1,1200,3532,52,197,57,83,47,4,4,12.7
52,4082,2016-08-04 00:00:00,23,1.229,10,4.3,1100,3320,51,199,99,76,40,4,4,11.8
53,4083,2016-08-04 00:00:00,24,1.237,10.5,4.4,1100,3461,50,198,106,75,67,4,4,11.2
54,4084,2016-08-04 00:00:00,24,1.021,10.4,3.6,1100,4094,41,198,86,86,60,4,4,11.4
55,4085,2016-09-04 00:00:00,25,1.02,14.5,3.5,1500,4979,39,199,88,83,63,4,3,11.2
56,4086,2016-09-04 00:00:00,39,1.441,13,3.7,1200,4031,37,196,144,71,57,4,4,9.9
57,4087,2016-09-04 00:00:00,28,1.214,13.7,3.8,1400,3714,42,198,106,68,65,4,3,11
59,4089,2016-10-04 00:00:00,29,1.217,11,3.9,1100,3658,42,199,113,67,79,4,4,10.7
60,4090,2016-10-04 00:00:00,26,1.223,13.4,3.8,1500,3833,46,198,99,69,74,4,4,12.4
61,4091,4/102016,26,1.385,12.8,4.2,1500,4028,53,201,109,67,76,4,4,12.7
62,4092,2016-10-04 00:00:00,21,1.175,9.7,4.4,1100,3732,54,201,92,61,73,4,4,12.3
63,4093,2016-10-04 00:00:00,26,1.426,9.4,4.2,1100,3531,53,200,109,59,68,4,5,12.5
64,4094,2016-10-04 00:00:00,26,1.431,7.4,4.1,900,3537,54,196,107,41,82,4,5,13.2
65,4095,2016-10-04 00:00:00,25,1.428,7.1,4,900,3374,55,200,100,51,69,4,5,13.6
66,4096,2016-10-04 00:00:00,25,1.432,8.9,4.1,1100,3018,55,198,103,63,67,4,5,13.5
67,4097,2016-10-04 00:00:00,24,1.404,11.2,4,1400,3063,54,191,96,73,80,3,4,13.5
68,4098,2016-10-04 00:00:00,27,1.466,10,4.1,1200,3475,53,189,111,84,81,3,4,12.9
69,4099,2016-11-04 00:00:00,29,1.535,9.2,4.1,1100,3398,53,189,119,68,65,3,5,12.7
70,4100,2016-11-04 00:00:00,29,1.543,11.9,4.1,1400,4129,52,190,119,74,83,3,4,12.7
71,4101,2016-11-04 00:00:00,24,1.297,10.6,4,1300,4047,53,189,96,61,80,3,4,13.4
72,4102,2016-11-04 00:00:00,9,0.425,12.3,3.5,1500,3914,46,188,32,51,81,3,4,13.4
73,4103,2016-11-04 00:00:00,31,1.495,10.1,4,1100,3526,47,192,124,57,67,4,4,11.7
74,4104,2016-11-04 00:00:00,35,1.526,10.8,3.9,1100,3374,43,192,137,56,64,4,4,11
75,4105,2016-11-04 00:00:00,34,1.527,9.4,3.9,1000,3652,45,189,133,69,46,4,5,11.2
76,4106,2016-11-04 00:00:00,32,1.542,12,4.1,1300,3616,48,191,131,72,44,4,4,11.7
77,4107,2016-12-04 00:00:00,34,1.421,14.6,3.7,1500,3943,41,192,126,65,62,4,3,11.3
78,4108,2016-12-04 00:00:00,38,1.527,12.3,3.8,1200,4463,40,191,144,84,56,4,4,10.4
79,4109,2016-12-04 00:00:00,29,1.27,11.8,4,1200,5086,44,190,116,57,85,4,4,10.8
80,3362,2016-04-13 00:00:00,34,1.526,9.4,3.8,1000,4787,44,193,129,65,70,4,5,11.5
81,3363,2016-04-13 00:00:00,32,1.53,12.5,4.2,1300,3957,47,189,134,64,58,4,4,11.2
82,3364,2016-04-13 00:00:00,28,1.332,13.1,3.5,1600,4101,46,191,98,51,78,4,4,13.4
83,3365,2016-04-13 00:00:00,26,1.315,11.2,3.7,1400,3847,50,188,96,52,71,4,4,13.7
84,3366,2016-04-13 00:00:00,26,1.227,9.4,4.1,1000,3758,47,188,107,78,53,4,5,11.6
85,3367,2016-04-14 00:00:00,22,1.224,8.4,4.2,1000,3608,54,191,92,68,57,4,5,12.7
86,3368,2016-04-14 00:00:00,23,14.237,8.5,4.1,1000,3495,52,190,94,68,62,4,5,12.5
87,3369,2016-04-14 00:00:00,26,1.424,9.8,4.1,1200,3309,54,191,107,80,61,4,4,13.3
88,3370,2016-04-14 00:00:00,23,1.371,9.9,4.1,1300,3443,58,189,94,84,68,4,4,14
89,3371,2016-04-14 00:00:00,26,1.318,9,3.8,1100,3707,50,189,99,68,73,4,5,13.2
90,3372,2016-04-14 00:00:00,26,1.319,11.2,3.7,1400,3847,50,193,96,52,88,4,4,13.7
91,3373,2016-04-14 00:00:00,26,1.321,11.6,3.9,1400,3357,51,189,101,50,86,4,4,13.2
92,3374,2016-04-14 00:00:00,27,1.323,10.6,3.7,1300,3533,49,189,100,76,77,4,4,13
93,3375,2016-04-14 00:00:00,24,1.241,12.3,3.8,1500,4486,50,191,91,79,46,4,4,13.3
94,3376,2016-04-15 00:00:00,25,1.231,13.7,3.8,1600,4629,48,193,95,76,52,4,3,12.8
95,3377,2016-04-15 00:00:00,24,1.204,13.7,3.8,1600,5123,48,191,91,66,59,4,3,12.7
96,3378,2016-04-15 00:00:00,24,1.027,12.4,3.8,1300,3842,43,186,91,64,57,4,4,11.3
97,3379,2016-04-15 00:00:00,27,1.211,10.9,3.4,1300,3571,44,190,92,56,55,4,4,12.9
98,3380,2016-04-15 00:00:00,13,0.592,9.5,3.6,1100,2571,45,191,47,57,64,4,4,12.5
99,3381,2016-04-15 00:00:00,17,0.841,11.9,3.7,1400,3861,47,189,63,47,74,4,4,12.8
100,3382,2016-04-15 00:00:00,30,1.429,10.5,3.8,1200,3660,47,191,114,70,75,4,4,12.2
101,3383,2016-04-16 00:00:00,30,1.437,9.6,3.8,1100,3661,47,190,114,74,58,4,4,12.3
102,3384,2016-04-16 00:00:00,29,1.426,8.4,4.2,900,4143,49,190,122,83,71,4,5,11.6
103,3385,2016-04-16 00:00:00,25,1.225,12.3,4.3,1300,4967,49,188,108,75,67,4,4,11.4
104,3386,2016-04-17 00:00:00,23,1.025,12.8,3.4,1500,4965,43,183,78,87,72,4,4,12.6
105,3387,2016-04-17 00:00:00,29,1.233,12.6,3.5,1400,4208,42,189,102,85,75,4,4,11.7
106,3388,2016-04-17 00:00:00,26,1.196,9.8,3.7,1100,3977,45,190,96,68,69,4,4,12.1
107,3389,2016-04-17 00:00:00,26,1.203,10,3.8,1100,3885,45,188,99,61,71,4,4,11.9
108,3390,2016-04-17 00:00:00,25,1.209,10.5,3.9,1200,4183,48,190,98,65,68,4,4,12.4
109,3391,2016-04-18 00:00:00,26,1.228,12,4,1300,4183,47,192,104,62,68,4,4,11.9
110,3392,2016-04-18 00:00:00,26,1.222,11,3.9,1200,4195,46,187,101,67,72,4,4,11.8
111,3393,2016-04-18 00:00:00,28,1.227,12.7,3.9,1300,4005,43,188,109,62,64,4,4,11.2
112,3394,2016-04-18 00:00:00,30,1.431,10.1,4,1100,3959,47,190,120,57,69,4,4,11.6
113,3395,2016-04-18 00:00:00,28,1.206,10.8,3.5,1200,3990,42,188,98,50,66,4,4,12.2
114,3396,2016-04-18 00:00:00,28,1.244,13.7,3.5,1600,4175,44,194,98,51,74,4,3,12.5
115,3397,2016-04-18 00:00:00,26,1.252,12.5,3.7,1500,3945,48,189,96,55,83,4,4,12.8
116,3398,2016-04-18 00:00:00,25,1.223,10.1,3.8,1200,4925,49,189,95,67,75,4,4,12.7
117,3399,2016-04-18 00:00:00,25,1.22,9.5,4.2,1000,4433,48,190,105,65,70,4,4,11.3
118,3400,2016-04-19 00:00:00,31,1.424,10.6,4,1100,3723,45,189,124,61,66,4,4,11.5
119,3401,2016-04-19 00:00:00,31,1.428,8.5,4,900,4093,46,191,124,58,87,4,5,11.6
120,3402,2016-04-19 00:00:00,19,0.923,10.2,3.7,1200,4571,47,189,70,51,81,4,4,12.6
121,3403,2016-04-19 00:00:00,7,0.31,8.6,3.7,900,4370,42,188,26,54,79,4,5,11.3
122,3404,2016-04-19 00:00:00,27,1.257,11.5,3.5,1400,4225,46,189,95,73,73,4,4,13.1
123,3405,2016-04-19 00:00:00,28,1.233,12.1,4,1200,4685,43,188,112,72,52,4,4,10.7
124,3406,2016-04-20 00:00:00,25,1.23,10,4.1,1100,4759,49,190,103,53,68,4,4,12
125,3407,2016-04-20 00:00:00,32,1.408,9.6,3.8,1000,3978,43,191,122,53,73,4,4,11.4
126,3408,2016-04-20 00:00:00,31,1.374,10,3.7,1100,4050,44,192,115,70,59,4,4,11.9
127,3409,2016-04-20 00:00:00,24,1.184,9.2,3.7,1100,3932,48,189,89,83,60,4,5,12.8
128,3410,2016-04-20 00:00:00,25,1.244,11,3.9,1300,4034,50,190,98,81,50,4,4,12.8
129,3411,2016-04-20 00:00:00,24,1.216,12,3.9,1400,3853,49,188,94,80,59,4,4,12.6
130,3412,2016-04-20 00:00:00,25,1.235,9.2,3.8,1100,4425,49,192,95,69,63,4,5,12.7
131,3413,2016-04-21 00:00:00,19,0.873,10.3,3.8,1100,4903,44,189,72,69,54,4,4,11.6
132,3414,2016-04-21 00:00:00,13,0.59,11.2,3.8,1200,5026,44,190,49,63,51,4,4,11.6
133,3415,2016-04-21 00:00:00,30,1.343,12.1,3.8,1300,4553,44,187,114,64,62,4,4,11.5
134,3416,2016-04-21 00:00:00,22,1.05,11,3.6,1300,4190,46,190,79,68,65,4,4,12.9
135,3417,2016-04-21 00:00:00,21,1.018,11.1,4,1200,5385,47,187,84,57,77,4,4,11.9
136,3418,2016-04-21 00:00:00,25,1.07,12,3.1,1500,4804,42,189,78,66,71,4,4,13.5
137,3419,2016-04-21 00:00:00,23,0.973,9.8,3.8,1000,4250,42,190,87,65,74,4,4,11.2
138,3420,2016-04-22 00:00:00,27,1.184,11.5,3.8,1200,4988,43,188,103,78,67,4,4,11.4
139,3421,2016-04-22 00:00:00,21,0.995,10.4,3.7,1200,4774,46,186,78,70,80,4,4,12.6
140,3422,2016-04-22 00:00:00,23,1.022,12.7,3.9,1300,3982,43,190,90,51,69,4,4,11
141,3423,2016-04-23 00:00:00,22,1.031,8,3.8,900,3687,46,192,84,52,66,4,5,12.1
142,3424,2016-04-23 00:00:00,24,1.004,8.3,3.5,900,3262,41,193,84,53,66,4,5,11.7
143,3425,2016-04-23 00:00:00,27,1.181,9,3.5,1000,3355,42,191,95,64,74,4,5,12.2
144,3426,2016-04-23 00:00:00,22,1.016,7.4,3.4,900,3463,45,191,75,69,73,4,5,13.1
145,3427,2016-04-23 00:00:00,21,1.05,9.4,3.8,1100,3276,48,191,80,71,69,4,5,12.7
146,3428,2016-04-23 00:00:00,22,1.229,9,3.8,1200,3206,55,189,84,71,68,4,5,14.4
147,3429,2016-04-23 00:00:00,23,-0.064,9.5,3.9,1200,3473,53,186,90,85,73,4,5,13.8
148,3430,2016-04-23 00:00:00,24,1.227,11,4,1300,4288,51,189,96,84,36,4,4,12.8
149,3431,2016-04-23 00:00:00,23,1.213,12.2,4,1500,4984,53,189,92,89,57,4,4,13.2
150,3432,2016-04-23 00:00:00,25,1.22,13.8,4,1500,5020,47,191,100,83,74,4,4,11.8
151,3433,2016-04-24 00:00:00,28,1.223,11.9,3.9,1300,4039,46,189,109,54,68,4,4,11.7
152,3434,2016-04-24 00:00:00,28,1.318,9.3,3.6,1100,3501,46,186,101,55,64,4,5,12.7
153,3435,2016-04-24 00:00:00,25,1.204,8.3,3.7,1000,3396,48,189,93,74,61,4,5,12.9
154,3436,2016-04-24 00:00:00,31,1.508,13.5,4,1500,3858,48,188,124,70,64,4,4,12.1
155,3437,2016-04-24 00:00:00,27,1.481,10.5,4.1,1300,3957,55,188,111,74,71,4,4,13.4
156,3438,2016-04-24 00:00:00,24,1.462,13.7,4.4,1700,5201,59,189,106,76,69,4,3,13.4
157,3439,2016-04-24 00:00:00,22,1.175,14.1,4,1700,5057,52,191,88,70,74,4,3,13
158,3440,2016-04-25 00:00:00,31,1.474,15.4,4.1,1600,5834,46,190,127,67,61,4,3,11.4
159,3441,2016-04-25 00:00:00,33,1.498,13.6,3.7,1500,5096,44,189,122,82,76,4,4,11.9
160,3442,2016-04-25 00:00:00,30,1.383,10.6,3.4,1300,4486,45,192,102,73,79,4,4,13.2
161,3443,2016-04-25 00:00:00,24,1.325,8,4,1000,3794,54,187,96,69,64,4,5,13.6
162,3444,2016-04-25 00:00:00,23,1.411,13.4,4.3,1700,4520,59,189,99,48,82,4,4,13.7
163,3445,2016-04-25 00:00:00,26,1.461,9.5,4.1,1200,4114,56,194,107,64,87,4,4,13.7
164,3446,2016-04-26 00:00:00,29,1.435,7.4,4.2,800,4380,49,190,122,75,69,4,5,11.8
165,3447,2016-04-26 00:00:00,28,1.232,9.4,3.8,1000,4881,44,189,106,76,83,4,5,11.4
166,3448,2016-04-26 00:00:00,27,1.223,9.5,3.6,1100,5126,45,194,97,87,60,4,5,12.7
167,3449,2016-04-26 00:00:00,26,1.18,8,3.6,900,4792,44,190,94,89,64,4,5,12.2
168,3450,2016-04-26 00:00:00,14,0.674,7.4,4,800,5197,47,188,56,76,84,4,5,11.7
169,3451,2016-04-26 00:00:00,17,0.888,8.6,4.1,1000,5276,52,189,70,45,87,4,5,12.5
170,3452,2016-04-26 00:00:00,31,1.303,7.9,3.3,900,4423,41,190,102,78,55,4,5,12.3
171,3453,2016-04-26 00:00:00,29,1.241,6.8,3.3,800,3941,42,191,96,88,36,4,5,12.9
172,3454,2016-04-27 00:00:00,29,1.215,6.1,3.3,700,3330,41,190,96,62,50,4,5,12.8
173,3455,2016-04-27 00:00:00,25,1.038,9.8,3.7,1000,3348,41,184,93,62,73,4,4,11.1
174,3456,2016-04-27 00:00:00,21,1.032,9.2,3.7,1100,3201,48,189,78,45,76,4,5,13
175,3457,2016-04-27 00:00:00,21,1.029,9,3.7,1100,4227,49,189,78,36,74,4,5,13.1
176,3458,2016-04-27 00:00:00,23,1.216,9.6,4.1,1100,3405,51,191,94,48,70,4,4,12.5
177,3459,2016-04-27 00:00:00,22,1.217,8,4,1000,2529,54,190,88,59,72,4,5,13.3
178,3460,2016-04-28 00:00:00,25,1.242,7.5,3.7,900,3539,48,189,93,79,64,4,5,13.1
179,3461,2016-04-28 00:00:00,26,1.231,7.9,3.8,900,2679,47,188,99,71,50,4,5,12.3
180,3462,2016-04-28 00:00:00,26,1.218,9.6,3.8,1100,2923,47,190,99,63,71,4,4,12.2
181,3463,2016-04-28 00:00:00,30,1.38,8.9,3.8,1000,3332,46,188,114,51,75,4,5,12.1
182,3464,2016-04-28 00:00:00,24,1.198,7.8,3.9,900,3466,49,188,94,49,80,4,5,12.6
183,3465,2016-04-28 00:00:00,22,1.215,9.8,4,1200,2504,53,188,88,36,76,4,4,13.5
184,3466,2016-04-28 00:00:00,22,1.229,8.7,4.1,1100,2034,56,190,90,45,73,4,5,13.6
185,3467,2016-04-28 00:00:00,22,1.26,8.3,4.3,1000,2314,56,187,95,61,74,4,5,13.1
186,3468,2016-04-28 00:00:00,21,1.201,10,4,1300,2177,56,189,84,61,75,4,4,13.9
187,3469,2016-04-28 00:00:00,22,1.224,10.6,4,1300,3680,53,188,88,65,81,4,4,13.4
188,3470,2016-04-28 00:00:00,24,1.231,8.9,4.1,1000,4072,50,188,98,63,90,4,5,12.2
189,3471,2016-04-29 00:00:00,25,1.24,7,3.9,800,3802,48,186,98,69,77,4,5,12.4
190,3472,2016-04-29 00:00:00,26,1.36,7.5,4,900,4023,52,190,104,65,69,4,5,13.2
191,3473,2016-04-29 00:00:00,28,1.422,7.6,3.9,900,3891,50,188,109,74,58,4,5,12.8
192,3474,2016-04-29 00:00:00,24,1.337,11.2,4,1400,3545,54,191,96,79,70,3,4,13.6
193,3475,2016-04-29 00:00:00,25,1.443,10.9,4.1,1400,3309,57,188,103,73,72,4,4,14
194,3476,2016-04-29 00:00:00,21,1.252,10.7,4.1,1400,3165,58,185,86,60,70,4,4,14.3
195,3477,2016-04-29 00:00:00,22,1.292,11.1,4.2,1400,2740,57,189,92,59,66,4,4,13.6
196,3478,2016-04-29 00:00:00,22,1.242,10.2,4,1300,2070,55,190,88,52,73,4,4,13.6
197,3479,2016-04-29 00:00:00,26,1.23,10.4,3.7,1200,2847,46,192,96,66,67,4,4,12.4
198,3480,2016-04-30 00:00:00,25,1.224,11.3,3.6,1400,3139,48,187,90,87,58,4,4,13.4
199,3481,2016-04-30 00:00:00,28,1.325,11.8,3.6,1400,3251,46,188,101,85,65,4,4,12.8
200,3482,2016-04-30 00:00:00,23,1.208,9.6,3.6,1300,4032,53,189,83,77,64,4,4,14.5
201,3483,2016-04-30 00:00:00,22,1.208,7.2,4,900,3166,54,186,88,64,85,4,5,13.5
202,3484,2016-04-30 00:00:00,23,1.213,10.3,3.8,1300,3497,52,189,87,78,84,4,4,13.7
1,3485,2016-01-05 00:00:00,27,1.233,10,3.2,1300,3907,45,189,86,92,51,4,4,13.8
2,3486,2016-01-05 00:00:00,32,1.422,11.8,3.2,1500,3917,44,191,102,78,52,4,4,13.8
3,3487,2016-01-05 00:00:00,30,1.332,13.3,3.3,1600,4079,43,188,99,67,66,4,4,13.1
4,3488,2016-01-05 00:00:00,31,1.314,15.9,3.1,2000,4535,42,188,96,72,64,4,3,13.5
5,3489,2016-01-05 00:00:00,28,1.247,19.7,3.5,2300,5704,44,190,98,80,35,4,2,12.7
6,3490,2016-01-05 00:00:00,34,1.315,20.9,3.2,2300,6568,38,192,109,70,65,4,2,11.9
7,3491,2016-02-05 00:00:00,32,1.333,19.5,3.7,2000,7216,41,189,118,89,58,4,2,11.2
8,3492,2016-02-05 00:00:00,34,1.296,14.6,3.2,1600,6259,38,189,109,52,72,4,3,11.7
9,3493,2016-02-05 00:00:00,35,1.215,21.2,2.9,2300,7522,34,192,102,55,79,4,2,11.7
10,3494,2016-02-05 00:00:00,37,1.194,15.7,2.9,1600,5997,32,184,107,83,59,4,3,11.2
11,3495,2016-03-05 00:00:00,43,1.433,14.2,2.9,1500,4891,33,188,125,73,76,4,3,11.6
12,3496,2016-03-05 00:00:00,39,1.38,9.9,2.9,1100,4875,35,191,113,67,70,4,4,12.1
13,3497,2016-03-05 00:00:00,27,1.305,10.3,3.8,1200,3668,48,190,103,78,82,4,4,12.8
14,3498,2016-03-05 00:00:00,32,1.226,9.6,2.8,1200,3649,38,188,90,72,90,4,4,13.5
15,3499,2016-03-05 00:00:00,31,1.219,7.8,2.8,1000,3342,39,190,87,67,73,4,5,13.6
16,3500,2016-04-05 00:00:00,32,1.223,8,2.8,1000,2999,38,187,90,62,62,4,5,13.6
17,3501,2016-04-05 00:00:00,30,1.232,8,2.7,1100,3081,40,191,81,62,63,4,5,14.7
18,3502,2016-04-05 00:00:00,29,1.328,7.4,3,1000,2726,44,187,87,61,61,4,5,14.7
19,3503,2016-04-05 00:00:00,33,1.266,11.1,2.8,1400,2851,38,189,92,63,60,3,4,13.4
20,3504,2016-04-05 00:00:00,32,1.511,10.7,3.6,1300,2969,47,189,115,81,47,3,4,13.1
21,3505,2016-04-05 00:00:00,29,1.51,10.8,3.7,1400,3568,52,189,107,86,25,3,4,13.9
22,3506,2016-04-05 00:00:00,30,1.503,12.8,3.7,1600,3680,50,188,111,68,72,3,4,13.5
23,3507,2016-05-05 00:00:00,27,1.504,12.8,4,1600,3913,54,189,108,65,69,3,4,13.5
24,3508,2016-05-05 00:00:00,28,1.436,9.7,4.1,1100,3384,50,193,115,62,61,3,4,12.1
25,3509,2016-05-05 00:00:00,28,1.406,8.4,3.9,1000,3225,50,189,109,68,51,3,5,12.8
26,3510,2016-05-05 00:00:00,28,1.429,9.3,3.9,1100,3515,50,190,109,80,52,3,5,12.9
27,3511,2016-05-05 00:00:00,27,1.515,13.4,4,1700,4274,55,188,108,80,50,3,4,13.6
28,3512,2016-05-05 00:00:00,27,1.499,14.8,3.9,1900,4835,54,189,105,84,48,3,3,13.9
29,3513,2016-05-05 00:00:00,28,1.568,13.9,4,1800,4672,56,192,112,72,64,3,3,13.9
30,3514,2016-05-05 00:00:00,29,1.512,13.2,3.9,1600,4295,51,188,113,83,39,3,4,13.3
31,3515,2016-06-05 00:00:00,28,1.429,8.8,4,1000,3966,49,187,112,78,71,3,5,12.4
32,3516,2016-06-05 00:00:00,27,1.454,7.5,4.1,900,3198,53,189,111,45,80,3,5,12.9
33,3517,2016-06-05 00:00:00,26,1.371,9.4,4.1,1100,3389,52,189,107,29,87,3,5,12.5
34,3518,2016-06-05 00:00:00,17,0.871,8.9,4.1,1000,2966,50,187,70,27,82,3,5,12.2
35,3519,2016-06-05 00:00:00,13,0.661,8,4.1,900,2401,50,189,53,29,68,3,5,12.2
36,3520,2016-06-05 00:00:00,26,1.497,6.8,4,900,3375,57,190,104,41,79,3,5,14.1
37,3521,2016-06-05 00:00:00,26,1.517,7.6,4,1000,3331,57,187,104,45,66,3,5,14.1
38,3522,2016-06-05 00:00:00,27,1.44,6.4,3.9,800,2610,53,190,105,67,56,3,5,13.5
39,3523,2016-07-05 00:00:00,27,1.436,5.5,3.8,700,3023,52,191,103,74,39,3,5,13.9
40,3524,2016-07-05 00:00:00,27,1.432,6.9,3.7,900,2813,52,189,100,65,54,3,5,14
41,3525,2016-07-05 00:00:00,27,1.435,7.7,3.7,1000,2974,52,190,100,52,75,3,5,14.2
42,3526,2016-07-05 00:00:00,28,1.517,7.9,3.8,1000,2276,52,191,106,61,66,3,5,13.7
43,3527,2016-07-05 00:00:00,27,1.529,11.9,3.8,1600,2605,55,189,103,63,50,3,4,14.4
44,3528,2016-07-05 00:00:00,31,1.514,12.1,3.6,1500,3551,48,188,112,83,44,3,4,13.4
45,3529,2016-07-05 00:00:00,33,1.46,13.3,3.6,1500,4699,44,191,119,59,57,3,4,12.2
46,3530,2016-08-05 00:00:00,32,1.44,16.8,3.6,1900,5060,44,187,115,68,60,4,3,12.1
47,3531,2016-08-05 00:00:00,33,1.532,14.8,4.2,1500,4278,46,187,139,60,70,4,3,10.9
48,3532,2016-08-05 00:00:00,29,1.501,15.2,4,1800,4580,51,187,116,67,74,4,3,12.8
49,3533,2016-08-05 00:00:00,27,1.532,15.8,4.1,2000,4743,56,187,111,65,64,4,3,13.8
50,3534,2016-08-05 00:00:00,28,1.721,14.8,3.9,1900,4682,54,189,109,68,58,4,3,13.9
51,3535,2016-08-05 00:00:00,23,1.295,15.7,4.2,2000,5550,58,190,97,84,60,4,3,13.6
52,3536,2016-09-05 00:00:00,28,1.521,14,4.2,1700,4828,55,194,118,65,55,4,3,13.2
53,3537,2016-09-05 00:00:00,27,1.439,12,4.2,1400,4697,53,189,113,61,59,4,4,12.6
54,3538,2016-09-05 00:00:00,29,1.537,12.4,3.9,1500,3489,51,191,113,56,57,3,4,13.2
55,3539,2016-09-05 00:00:00,23,1.259,7.2,3.9,900,3222,53,189,90,60,65,3,5,13.8
56,3540,2016-09-05 00:00:00,27,1.503,10.5,4.1,1300,3499,55,186,111,51,64,3,4,13.4
57,3541,2016-09-05 00:00:00,26,1.516,15.2,4.3,1900,4319,58,190,112,59,78,3,3,13.6
58,3542,2016-09-05 00:00:00,25,1.497,14.6,4.2,1900,3826,59,191,105,71,77,3,3,14.2
59,3543,2016-09-05 00:00:00,26,1.542,14.2,4.3,1800,3854,59,191,112,70,87,3,3,13.7
60,3544,2016-09-05 00:00:00,26,1.521,19,4.3,2300,4439,56,188,112,71,67,3,2,13.1
61,3545,2016-10-05 00:00:00,29,1.532,21.4,4.3,2400,5320,52,189,125,61,60,3,2,12.1
62,3546,2016-10-05 00:00:00,29,1.526,20.1,4.3,2300,5428,53,192,125,60,70,3,2,12.2
63,3547,2016-10-05 00:00:00,28,1.557,13.1,4.1,1600,5257,54,190,115,82,71,4,4,13.1
64,3548,2016-10-05 00:00:00,29,1.505,13.1,4.5,1400,4942,52,190,131,74,52,4,4,11.5
65,3549,2016-10-05 00:00:00,28,1.538,12.4,4.2,1500,4053,55,190,118,75,45,4,4,13.2
66,3550,2016-10-05 00:00:00,27,1.527,9.2,3.9,1200,3551,55,188,105,67,63,4,5,14.2
67,3551,2016-10-05 00:00:00,27,1.511,10.5,4.2,1300,3592,56,189,113,58,73,4,4,13.4
68,3552,2016-10-05 00:00:00,26,1.512,9,4.3,1100,3767,57,190,112,54,81,3,5,13.2
69,3553,2016-10-05 00:00:00,26,1.534,8.7,4.3,1100,3083,59,189,112,39,80,3,5,13.5
70,3554,2016-11-05 00:00:00,26,1.54,8,4.3,1000,2605,58,192,112,45,66,3,5,13.7
71,3555,2016-11-05 00:00:00,15,0.755,8,4.1,900,2821,50,189,62,47,73,3,5,12.3
72,3556,2016-11-05 00:00:00,16,0.796,10.1,4.1,1100,3345,48,188,66,62,75,3,4,11.9
73,3557,2016-11-05 00:00:00,27,1.561,14,4.1,1800,3954,57,191,111,65,69,3,3,13.8
74,3558,2016-11-05 00:00:00,26,1.513,12.5,4.2,1600,3796,58,191,109,65,83,3,4,13.7
75,3559,2016-11-05 00:00:00,26,1.565,12.7,4.4,1600,4131,60,189,114,64,82,3,4,13.6
76,3560,2016-11-05 00:00:00,25,1.518,13.4,4.3,1700,3884,59,188,108,77,75,3,4,13.8
77,3561,2016-11-05 00:00:00,36,1.497,16.1,3.6,1700,4887,41,188,130,65,68,3,3,11.4
78,3562,2016-05-13 00:00:00,29,1.564,14.6,4.2,1700,5071,53,187,122,63,68,3,3,12.7
79,3563,2016-05-13 00:00:00,26,1.537,14.3,4.2,1800,4491,57,188,109,56,61,3,3,13.7
80,3564,2016-05-13 00:00:00,30,1.53,10.6,4.1,1200,3757,50,189,123,46,82,3,4,12
81,3565,2016-05-13 00:00:00,27,1.526,10.5,4.2,1300,3729,56,188,113,70,64,3,4,13.5
82,3566,2016-05-13 00:00:00,26,1.516,12.7,4.2,1600,3751,57,190,109,56,61,3,4,13.7
83,3567,2016-05-13 00:00:00,27,1.555,11.3,4.2,1400,3678,56,187,113,67,82,3,4,13.3
84,3568,2016-05-14 00:00:00,27,1.525,10.5,3.9,1400,3861,56,189,105,77,65,3,4,14.1
85,3569,2016-05-14 00:00:00,27,1.525,11.8,4,1500,3604,55,188,108,65,67,3,4,13.9
86,3570,2016-05-14 00:00:00,26,1.502,17.4,4,2300,5525,57,190,104,62,77,3,3,14.1
87,3571,2016-05-14 00:00:00,28,1.682,16.4,4,2200,5245,58,187,112,77,76,3,3,14.5
88,3572,2016-05-14 00:00:00,26,1.522,12.1,4.2,1500,3571,56,187,109,67,64,3,4,13.4
89,3573,2016-05-14 00:00:00,27,1.522,11.3,4.2,1400,3402,56,188,113,33,77,3,4,13.4
90,3574,2016-05-14 00:00:00,29,1.526,9.2,4.1,1100,3006,53,188,119,42,68,3,5,12.9
91,3575,2016-05-14 00:00:00,27,1.523,9,3.8,1200,3546,55,189,103,34,71,3,5,14.5
92,3576,2016-05-14 00:00:00,28,1.522,10.9,3.9,1400,3602,54,187,109,67,79,3,4,13.8
93,3577,2016-05-15 00:00:00,27,1.54,12.6,4,1600,3525,55,187,108,69,75,3,4,14
94,3578,2016-05-15 00:00:00,27,1.517,10.2,4,1300,3395,55,188,108,66,81,3,4,14
95,3579,2016-05-15 00:00:00,30,1.71,10.8,4,1400,3495,56,190,120,77,85,3,4,14
96,3580,2016-05-15 00:00:00,28,1.525,8.4,4.2,1000,3170,54,189,118,75,75,3,5,12.9
97,3581,2016-05-15 00:00:00,28,1.523,8.4,4.2,1000,3335,54,189,118,59,66,3,5,12.9
98,3582,2016-05-15 00:00:00,29,1.521,10.5,4.2,1200,3245,52,189,122,44,66,3,4,12.4
99,3583,2016-05-16 00:00:00,22,1.221,11.7,4.1,1400,3676,53,188,90,70,54,3,4,13
100,3584,2016-05-16 00:00:00,23,1.232,13,4.8,1300,4153,52,187,110,69,81,3,4,10.9
101,3585,2016-05-16 00:00:00,22,1.233,10.6,4.4,1200,3596,54,192,97,60,82,3,4,12.3
102,3586,2016-05-16 00:00:00,21,1.23,10,4,1300,3349,56,189,84,49,84,3,4,13.9
103,3587,2016-05-16 00:00:00,23,1.373,12.6,4.3,1600,4223,59,190,99,66,86,4,4,13.6
104,3588,2016-05-16 00:00:00,22,1.223,10.1,4.2,1200,4004,54,191,92,48,78,4,4,12.9
105,3589,2016-05-16 00:00:00,24,1.226,11.6,4.2,1300,4470,51,189,101,38,86,4,4,12.1
106,3590,2016-05-16 00:00:00,23,1.226,15.4,4.2,1800,4982,53,191,97,47,66,4,3,12.6
107,3591,2016-05-16 00:00:00,24,1.232,15.4,4.2,1700,5072,50,190,101,52,64,4,3,11.9
108,3592,2016-05-16 00:00:00,27,1.244,17.2,4.2,1700,7236,45,189,113,77,72,4,3,10.8
109,3593,2016-05-17 00:00:00,28,1.222,22.1,4.4,2000,8239,43,190,123,71,75,4,2,9.7
110,3594,2016-05-17 00:00:00,29,1.269,25.4,4.6,2200,7591,43,190,133,50,50,4,2,9.3
111,3595,2016-05-17 00:00:00,26,1.276,26.3,4.6,2600,7653,49,190,120,57,70,4,2,10.5
112,3596,2016-05-17 00:00:00,25,1.387,26.2,4.3,3100,7133,55,190,108,60,70,4,2,12.7
113,3597,2016-05-17 00:00:00,20,1.1,21.1,4.4,2400,6811,54,192,88,67,69,4,2,12.1
114,3598,2016-05-17 00:00:00,23,1.225,23.4,4.6,2400,7225,51,191,106,78,43,4,2,11.2
115,3599,2016-05-17 00:00:00,24,1.238,24.7,4.4,2700,6928,52,189,106,56,68,4,2,11.7
116,3600,2016-05-17 00:00:00,26,1.26,28,4.3,2900,8053,48,191,112,57,87,4,2,11
117,3601,2016-05-18 00:00:00,26,1.246,28.1,5.2,2300,7196,46,195,135,74,68,4,2,9
118,3602,2016-05-18 00:00:00,35,1.562,22.1,5.3,1700,7969,44,217,186,82,52,4,2,8.4
119,3603,2016-05-18 00:00:00,23,1.225,14.6,4.3,1600,6273,51,216,99,66,69,4,3,12
120,3604,2016-05-18 00:00:00,23,1.232,14,4.3,1600,4482,53,218,99,58,58,4,3,12.4
121,3605,2016-05-19 00:00:00,24,1.225,13,4,1500,4284,50,217,96,77,56,4,4,12.5
122,3606,2016-05-19 00:00:00,23,1.206,14,4.2,1600,4588,52,189,97,59,68,4,3,12.6
123,3607,2016-05-19 00:00:00,22,1.246,12.4,4,1600,4521,56,191,88,57,84,4,4,13.8
124,3608,2016-05-19 00:00:00,25,1.381,13,4,1600,3992,53,190,100,72,72,4,4,13.5
125,3609,2016-05-19 00:00:00,23,1.235,14,4.3,1600,4180,53,188,99,64,60,4,3,12.5
126,3610,2016-05-19 00:00:00,22,1.244,15.7,4.3,1900,4127,56,192,95,44,67,4,3,13.1
127,3611,2016-05-19 00:00:00,21,1.245,13.6,4.3,1700,4701,58,190,90,83,87,4,3,13.6
128,3612,2016-05-19 00:00:00,21,1.241,13.6,4.3,1700,6286,58,190,90,71,65,4,3,13.3
129,3613,2016-05-19 00:00:00,21,1.228,14.4,4.4,1700,5444,56,189,92,71,77,4,3,12.9
130,3614,2016-05-19 00:00:00,21,1.214,14.2,4.4,1700,6155,57,189,92,82,48,4,3,13
131,3615,2016-05-20 00:00:00,21,1.251,15,4.4,1800,6495,57,191,92,85,61,4,3,13
132,3616,2016-05-20 00:00:00,22,1.233,15.7,4.6,1700,5758,54,189,101,84,61,4,3,11.7
133,3617,2016-05-20 00:00:00,33,1.734,15.2,4.3,1700,6923,52,190,142,70,65,4,2,12
134,3618,2016-05-20 00:00:00,26,1.194,17.4,4.1,1800,8183,46,189,107,84,83,4,2,11.2
135,3619,2016-05-20 00:00:00,29,1.224,19.9,4.3,1800,8159,42,217,125,55,69,4,2,9.8
136,3620,2016-05-20 00:00:00,27,1.228,17.5,4.3,1700,5414,45,217,116,65,65,4,2,10.4
137,3621,2016-05-21 00:00:00,25,1.24,16.3,4.1,1800,4623,49,218,103,63,66,4,3,12
138,3622,2016-05-21 00:00:00,23,1.248,17.9,4.3,2000,5600,52,190,99,70,77,4,2,12.3
139,3623,2016-05-21 00:00:00,32,1.503,17.9,4.5,1700,4722,46,191,144,78,70,4,2,10.2
140,3624,2016-05-21 00:00:00,24,1.223,12.7,4.1,1400,4009,49,190,98,62,65,4,4,12.2
141,3625,2016-05-21 00:00:00,24,1.224,13,4.3,1400,3832,50,192,103,44,65,4,4,11.7
142,3626,2016-05-21 00:00:00,23,1.226,9.8,4.3,1100,3870,52,190,99,37,75,4,4,12
143,3627,2016-05-21 00:00:00,23,1.226,10.3,4.2,1200,3894,53,189,97,53,72,4,4,12.6
144,3628,2016-05-21 00:00:00,22,1.248,10.6,4.5,1200,3842,55,189,99,59,82,4,4,12
145,3629,2016-05-22 00:00:00,22,1.207,13.1,4.3,1500,4219,53,189,95,80,81,4,4,12.5
146,3630,2016-05-22 00:00:00,29,1.298,13.7,4.3,1300,4132,44,188,125,79,60,4,3,10.2
147,3631,2016-05-22 00:00:00,24,1.292,13.6,4.1,1600,4527,52,188,98,69,65,4,3,12.7
148,3632,2016-05-22 00:00:00,26,1.44,12.8,4,1600,4340,54,188,104,75,80,4,4,13.4
149,3633,2016-05-22 00:00:00,24,1.224,13.3,4.2,1500,4675,51,197,101,82,80,4,4,12.2
150,3634,2016-05-22 00:00:00,24,1.189,12.5,3.7,1500,4270,48,199,89,69,64,4,4,12.8
151,3635,2016-05-22 00:00:00,26,1.226,12.2,3.7,1400,4342,46,198,96,63,85,4,4,12.4
152,3636,2016-05-22 00:00:00,22,1.174,10.7,4.2,1200,4406,51,190,92,52,82,4,4,12.3
153,3637,2016-05-22 00:00:00,24,1.268,11.4,4,1400,4672,53,189,96,74,67,4,4,13.2
154,3638,2016-05-23 00:00:00,24,1.279,12.5,4,1500,4838,52,189,96,83,60,4,4,13.1
155,3639,2016-05-23 00:00:00,27,1.399,14.4,4,1700,4306,51,187,108,77,55,4,3,12.7
156,3640,2016-05-23 00:00:00,22,1.228,8.9,4.2,1100,3859,56,187,92,64,56,4,5,13.2
157,3641,2016-05-23 00:00:00,22,1.231,10.5,4.2,1300,3887,56,188,92,59,56,4,4,13.2
158,3642,2016-05-23 00:00:00,22,1.224,14.3,4.2,1700,4069,54,189,92,53,60,4,3,12.8
159,3643,2016-05-23 00:00:00,21,1.23,15.1,4.2,1900,4233,57,190,88,69,61,4,3,13.5
160,3644,2016-05-24 00:00:00,22,1.261,12.4,4.2,1500,3493,55,191,92,74,63,4,4,13
161,3645,2016-05-24 00:00:00,23,1.285,14.9,4.4,1700,3818,54,191,101,72,81,4,3,12.3
162,3646,2016-05-24 00:00:00,25,1.348,14.3,4.4,1600,3907,53,191,110,66,77,4,3,12.1
163,3647,2016-05-24 00:00:00,27,1.415,14.3,4.3,1600,4252,52,189,116,55,81,4,3,12
164,3648,2016-05-24 00:00:00,26,1.223,13.8,4.2,1400,4569,46,193,109,62,77,4,3,11
165,3649,2016-05-24 00:00:00,25,1.239,18,4.3,1900,4938,49,188,108,72,70,4,2,11.3
166,3650,2016-05-24 00:00:00,29,1.229,17.9,4.1,1700,4823,42,189,119,64,62,4,2,10.2
167,3651,2016-05-24 00:00:00,28,1.262,15.7,4.1,1600,4806,45,190,115,56,80,4,3,11
168,3652,2016-05-25 00:00:00,28,1.286,14.8,4.1,1500,4653,45,190,115,78,79,4,3,11.1
169,3653,2016-05-25 00:00:00,25,1.284,13,4.1,1500,4434,51,191,103,66,77,4,4,12.3
170,3654,2016-05-25 00:00:00,29,1.523,11.9,4.4,1300,4196,52,188,128,66,73,4,4,12
171,3655,2016-05-25 00:00:00,18,1.114,12.4,4.6,1500,4522,60,190,83,64,73,4,4,13.1
172,3656,2016-05-25 00:00:00,27,1.387,10.6,4.1,1200,3943,50,190,111,57,67,4,4,12.3
173,3657,2016-05-25 00:00:00,24,1.239,9.6,4.1,1100,3594,51,187,98,52,62,4,4,12.6
174,3658,2016-05-25 00:00:00,23,1.225,10.4,4.1,1200,3885,51,190,94,61,61,4,4,12.5
175,3659,2016-05-25 00:00:00,25,1.235,10.3,3.9,1200,3488,49,190,98,74,58,4,4,12.5
176,3660,2016-05-25 00:00:00,27,1.486,12,4,1500,3511,54,189,108,79,49,4,4,13.5
177,3661,2016-05-26 00:00:00,25,1.525,11.3,4.4,1400,4456,59,188,110,86,61,3,4,13.3
178,3662,2016-05-26 00:00:00,28,1.545,11.5,4.4,1300,4582,54,190,123,65,69,3,4,12.1
179,3663,2016-05-26 00:00:00,28,1.555,10.5,4.1,1300,5152,55,187,115,77,84,3,4,13.6
180,3664,2016-05-26 00:00:00,29,1.508,9.8,4.2,1100,4650,51,189,122,55,84,3,4,12.1
181,3665,2016-05-26 00:00:00,21,1.13,9.3,3.8,1200,3461,53,191,80,59,74,3,5,13.9
182,3666,2016-05-26 00:00:00,8,0.465,7.9,3.8,1000,3188,52,190,30,63,73,3,5,13.7
183,3667,2016-05-26 00:00:00,27,1.533,9.2,3.9,1200,3566,55,195,105,63,66,3,5,14.1
184,3668,2016-05-26 00:00:00,30,1.54,9.3,4,1100,3372,51,190,120,66,71,3,5,12.7
185,3669,2016-05-27 00:00:00,22,1.108,9,4.1,1000,3345,49,190,90,52,80,3,5,12
186,3670,2016-05-27 00:00:00,29,1.538,10.5,4.2,1200,4226,52,191,122,60,87,3,4,12.5
187,3671,2016-05-27 00:00:00,0,0.005,10.2,4.2,1100,1491,49,187,0,63,84,3,4,2.2
188,3672,2016-05-27 00:00:00,29,1.657,9.4,4.4,1100,4357,56,189,128,73,68,3,5,12.9
189,3673,2016-05-27 00:00:00,25,1.23,7.8,3.9,900,4021,49,185,98,71,55,3,5,12.4
190,3674,2016-05-27 00:00:00,23,1.211,8.9,4.2,1000,3284,51,188,97,70,51,3,5,12.3
191,3675,2016-05-27 00:00:00,26,1.233,11.6,4.2,1200,3059,47,187,109,74,41,3,4,11.3
192,3676,2016-05-27 00:00:00,24,1.273,10.3,4.2,1200,4003,53,188,101,69,59,3,4,12.5
193,3677,2016-05-28 00:00:00,26,1.286,15.4,4.1,1700,4580,49,188,107,70,79,3,3,11.9
194,3678,2016-05-28 00:00:00,23,1.275,10.1,4.2,1200,3897,54,189,97,63,83,4,4,12.9
195,3679,2016-05-28 00:00:00,25,1.312,11.6,4.3,1300,3825,52,190,108,65,79,4,4,12.1
196,3680,2016-05-28 00:00:00,22,1.292,10.6,4.3,1300,3683,57,187,95,58,85,4,4,13.1
197,3681,2016-05-28 00:00:00,29,1.574,13.2,4.4,1500,3505,54,192,128,54,84,4,4,12.2
198,3682,2016-05-28 00:00:00,22,1.233,9.3,4.2,1100,4527,54,188,92,71,43,4,5,13.1
199,3683,2016-05-28 00:00:00,22,1.23,12.6,4,1600,4205,55,188,88,70,53,4,4,13.9
200,3684,2016-05-28 00:00:00,22,1.235,10.7,4.2,1300,3428,55,187,92,60,60,4,4,13.1
201,3685,2016-05-28 00:00:00,23,1.235,13,3.9,1600,3622,52,189,90,65,62,3,4,13.2
202,3686,2016-05-29 00:00:00,26,1.271,14.9,3.9,1700,3955,48,190,101,72,57,3,3,12.4
203,3687,2016-05-29 00:00:00,24,1.29,12.7,3.9,1600,3916,53,190,94,78,55,3,4,13.6
204,3688,2016-05-29 00:00:00,26,1.265,13.2,3.9,1500,4377,48,187,101,66,73,3,4,12.3
205,3689,2016-05-29 00:00:00,29,1.428,12.3,3.9,1400,3971,48,190,113,58,80,4,4,12.3
206,3690,2016-05-29 00:00:00,28,1.392,9.1,4.2,1000,4210,50,188,118,54,74,4,5,11.7
207,3691,2016-05-29 00:00:00,26,1.137,14.7,3.9,1500,4756,43,190,101,68,64,4,3,10.9
208,3692,2016-05-29 00:00:00,28,1.261,12.2,3.9,1300,4563,45,189,109,72,79,4,4,11.4
209,3693,2016-05-30 00:00:00,27,1.269,14.3,3.9,1600,5171,47,190,105,81,72,4,3,11.9
210,3694,2016-05-30 00:00:00,32,1.377,14.7,3.9,1500,6626,43,188,125,83,73,4,3,11.1
211,3695,2016-05-31 00:00:00,45,1.23,9.9,3.1,800,4254,27,190,140,74,71,4,4,8.6
212,3696,2016-05-31 00:00:00,24,1.183,12.9,4.1,1400,3685,48,191,98,53,60,4,4,11.7
1,3697,2016-01-06 00:00:00,38,1.439,11.2,3.2,1200,3215,37,190,122,74,80,4,4,11.6
2,3698,2016-01-06 00:00:00,30,1.224,11,3.7,1100,2316,40,187,111,60,52,4,4,10.7
3,3699,2016-01-06 00:00:00,32,1.219,11.9,3.5,1200,2418,38,189,112,45,39,4,4,10.8
4,3700,2016-01-06 00:00:00,30,1.221,10.7,3.6,1100,2827,40,190,108,61,45,4,4,11.1
5,3701,2016-01-06 00:00:00,26,1.205,11.6,3.8,1300,3024,46,189,99,63,52,4,4,12
6,3702,2016-02-06 00:00:00,25,1.296,10.9,3.9,1300,2885,50,192,98,44,40,4,4,13.1
7,3703,2016-02-06 00:00:00,26,1.294,12,3.8,1400,3096,48,188,99,58,60,4,4,12.5
8,3704,2016-02-06 00:00:00,27,1.3,10.3,3.8,1200,3240,48,188,103,40,53,4,4,12.6
9,3705,2016-02-06 00:00:00,30,1.714,10.5,4.2,1300,3068,56,188,126,30,44,4,4,13.2
10,3706,2016-02-06 00:00:00,31,1.512,9.2,3.8,1100,3030,49,188,118,39,56,4,5,13
11,3707,2016-02-06 00:00:00,28,1.526,10.4,4,1300,2874,54,189,112,56,61,4,4,13.5
12,3708,2016-02-06 00:00:00,25,1.501,9.4,4.2,1200,2628,58,189,105,57,49,4,5,13.7
13,3709,2016-02-06 00:00:00,21,1.243,9.4,4.2,1200,1978,58,191,88,42,37,4,5,13.7
14,3710,2016-03-06 00:00:00,24,1.269,9.7,3.9,1200,1502,52,187,94,33,31,4,4,13.6
15,3711,2016-03-06 00:00:00,29,1.512,11.2,3.8,1400,1937,51,189,110,30,31,4,4,13.2
16,3712,2016-03-06 00:00:00,30,1.537,14.4,4,1700,2257,51,188,120,33,34,4,3,12.7
17,3713,2016-03-06 00:00:00,32,1.659,13.3,4.2,1500,2434,51,188,134,40,40,4,4,12.2
18,3714,2016-03-06 00:00:00,29,1.533,13,4,1600,3750,53,186,116,56,54,4,4,13.1
19,3715,2016-03-06 00:00:00,29,1.237,14.6,3.8,1500,3588,42,189,110,53,54,4,3,10.9
20,3716,2016-04-06 00:00:00,25,1.255,12.5,3.7,1500,3799,48,190,93,75,77,4,4,13.1
21,3717,2016-04-06 00:00:00,28,1.256,13.6,3.7,1500,3722,44,185,104,69,60,4,3,11.9
22,3718,2016-04-06 00:00:00,22,1.032,15.6,3.7,1800,3562,46,187,81,55,54,4,3,12.4
23,3719,2016-04-06 00:00:00,60,1.132,29.5,4,1300,3263,19,189,240,45,45,4,2,4.7
24,3720,2016-04-06 00:00:00,30,1.222,12,3.7,1200,3139,40,188,111,34,32,4,4,10.8
25,3721,2016-04-06 00:00:00,28,1.23,11.4,3.7,1200,3048,42,190,104,33,32,4,4,11.6
26,3722,2016-04-06 00:00:00,28,1.227,9.3,3.7,1000,2850,43,188,104,32,34,4,5,11.6
27,3723,2016-04-06 00:00:00,26,1.237,9.6,3.8,1100,2935,47,187,99,31,33,4,4,12.4
28,3724,2016-04-06 00:00:00,26,1.221,8.7,3.8,1000,2791,47,187,99,32,31,4,5,12.4
29,3725,2016-05-06 00:00:00,28,1.523,11.1,3.9,1400,2755,53,186,109,31,31,4,4,13.7
30,3726,2016-05-06 00:00:00,28,1.531,11.2,4,1400,2663,54,189,112,30,30,4,4,13.6
31,3727,2016-05-06 00:00:00,31,1.408,13.1,3.9,1400,2917,45,188,121,30,30,4,4,11.6
32,3728,2016-05-06 00:00:00,15,0.301,19.9,3.9,900,2137,19,190,59,30,30,4,2,5
33,3729,2016-05-06 00:00:00,35,1.523,11.4,3.4,1300,2968,42,187,119,30,30,4,4,12.5
34,3730,2016-05-06 00:00:00,33,1.421,11.9,3.3,1400,3749,42,189,109,44,35,4,4,12.5
35,3731,2016-05-06 00:00:00,39,1.52,12,3.1,1400,3897,39,190,121,65,48,4,4,12.4
36,3732,2016-05-06 00:00:00,35,1.529,15,3.6,1700,3787,44,190,126,44,33,4,3,12.3
37,3733,2016-05-06 00:00:00,33,1.534,14.4,3.6,1700,3969,46,188,119,50,41,4,3,12.7
38,3734,2016-05-06 00:00:00,32,1.252,23.1,3.8,2200,6260,39,188,122,46,48,4,2,10.1
39,3735,2016-06-06 00:00:00,36,1.31,36,4,3000,8949,36,190,144,37,43,4,2,8.9
40,3736,2016-06-06 00:00:00,46,1.461,40.4,4,2900,9744,31,212,184,36,39,4,2,7.8
41,3737,2016-06-06 00:00:00,46,1.223,45.3,5.2,2100,7998,26,214,239,38,38,4,2,5.1
42,3738,2016-06-06 00:00:00,36,1.22,37,5.4,2100,6903,33,218,194,43,41,4,2,6.2
43,3739,2016-06-06 00:00:00,31,1.247,22,4.3,1900,4361,40,216,133,47,44,4,2,9.5
44,3740,2016-07-06 00:00:00,25,0.928,17.5,4.3,1400,3791,37,188,108,49,45,4,2,8.7
45,3741,2016-07-06 00:00:00,34,1.068,18.5,3.8,1400,3795,31,188,129,45,39,4,2,8.2
46,3742,2016-07-06 00:00:00,29,1.104,15.8,3.7,1500,4390,38,188,107,43,34,4,3,10.1
47,3743,2016-07-06 00:00:00,29,1.239,14.3,3.7,1500,4056,42,187,107,75,39,4,3,11.3
48,3744,2016-07-06 00:00:00,26,1.132,16.6,3.9,1700,3887,43,188,101,75,44,4,3,11.2
49,3745,2016-07-06 00:00:00,28,1.247,12.4,3.6,1400,3723,44,188,101,70,58,4,4,12.1
50,3746,2016-08-06 00:00:00,37,1.759,12.5,3.9,1400,3730,47,187,144,50,46,4,4,11.9
51,3747,2016-08-06 00:00:00,19,0.822,12.1,3.7,1300,3629,43,188,70,39,37,4,4,11.8
52,3748,2016-08-06 00:00:00,28,1.23,14.6,3.5,1700,3553,44,189,98,45,49,4,3,12.6
53,3749,2016-08-06 00:00:00,28,1.205,13.2,3.5,1500,3253,43,189,98,29,35,4,4,12.4
54,3750,2016-08-06 00:00:00,38,1.735,9.2,3.5,1100,3006,45,190,133,30,33,4,5,13
55,3751,2016-08-06 00:00:00,15,0.742,9.4,3.7,1100,3065,47,189,56,33,36,4,5,12.9
56,3752,2016-09-06 00:00:00,33,1.531,11.5,3.5,1400,2871,46,190,116,31,32,4,4,13
57,3753,2016-09-06 00:00:00,30,1.514,10.3,3.9,1200,2846,49,187,117,32,31,4,4,12.5
58,3754,2016-09-06 00:00:00,27,1.538,8.3,4.2,1000,3059,55,190,113,35,50,3,5,13.3
59,3755,2016-09-06 00:00:00,34,1.481,10.5,3.8,1100,2736,43,192,129,37,38,3,4,11.3
60,3756,2016-10-06 00:00:00,32,1.509,11.4,3.3,1500,2849,47,189,106,42,42,3,4,13.9
61,3757,2016-10-06 00:00:00,31,1.522,10.3,3.8,1200,3086,48,189,118,56,54,3,4,12.6
62,3758,2016-10-06 00:00:00,27,1.408,11.8,3.8,1500,3396,52,190,103,45,46,3,4,13.6
63,3759,2016-10-06 00:00:00,26,1.168,10.9,3.7,1200,3694,44,189,96,54,64,3,4,11.6
64,3760,2016-10-06 00:00:00,26,1.264,13.2,4.2,1400,4496,48,189,109,56,68,3,4,11.5
65,3761,2016-10-06 00:00:00,27,1.312,12.2,4.5,1200,4335,48,189,122,54,63,3,4,10.6
66,3762,2016-10-06 00:00:00,26,1.22,9.1,4.4,900,4470,47,187,114,81,72,3,5,10.5
67,3763,2016-11-06 00:00:00,26,1.225,15.1,4.3,1500,4712,46,187,112,69,44,4,3,10.5
68,3764,2016-11-06 00:00:00,35,1.415,13,4.1,1200,3985,41,189,144,58,56,4,4,9.9
69,3765,2016-11-06 00:00:00,28,1.21,11.1,4,1100,3891,43,189,112,65,72,4,4,10.5
70,3766,2016-11-06 00:00:00,26,1.235,13.2,4.2,1400,3771,48,188,109,72,70,4,4,11.2
71,3767,2016-11-06 00:00:00,27,1.243,10.1,3.9,1100,3505,46,189,105,60,59,4,4,11.7
72,3768,2016-11-06 00:00:00,26,1.247,9.2,4.1,1000,3459,48,188,107,50,58,4,5,11.6
73,3769,2016-11-06 00:00:00,26,1.225,10.7,3.8,1200,3475,46,188,99,53,55,4,4,11.9
74,3770,2016-12-06 00:00:00,27,1.225,9.6,4,1000,3577,45,188,108,61,68,4,4,11.4
75,3771,2016-12-06 00:00:00,26,1.236,12.2,4,1300,4125,46,190,104,72,52,4,4,11.6
76,3772,2016-12-06 00:00:00,31,1.486,9.9,4,1100,3937,48,190,124,56,46,4,4,12
77,3773,2016-12-06 00:00:00,28,1.274,9.8,4.1,1000,3299,45,189,115,63,68,4,4,11
78,3774,2016-12-06 00:00:00,27,1.285,14.1,4.1,1500,3781,47,190,111,53,72,4,3,11.5
79,3775,2016-12-06 00:00:00,25,1.276,12.7,4.2,1400,4311,50,188,105,66,75,4,4,12
80,3776,2016-12-06 00:00:00,36,1.756,13.2,5,1200,5360,49,189,180,77,73,4,4,9.8
81,3777,2016-06-13 00:00:00,14,0.745,9.6,4.6,1000,3703,52,188,64,55,58,4,4,11.3
82,3778,2016-06-13 00:00:00,31,1.526,12.3,4.3,1300,3644,49,189,133,50,53,4,4,11.4
83,3779,2016-06-13 00:00:00,26,1.25,9.2,4,1000,3492,47,187,104,67,62,4,5,11.7
84,3780,2016-06-13 00:00:00,24,1.263,10.1,3.8,1300,3603,53,188,91,78,81,4,4,13.7
85,3781,2016-06-13 00:00:00,25,1.325,9.4,4.2,1100,3195,53,187,105,60,68,4,5,12.6
86,3782,2016-06-13 00:00:00,21,1.235,9.7,4.4,1200,3028,59,187,92,65,75,4,4,13.2
87,3783,2016-06-14 00:00:00,29,1.531,6.8,4.1,800,2806,52,186,119,54,66,4,5,12.8
88,3784,2016-06-14 00:00:00,34,1.733,10.2,4,1200,2356,51,189,136,49,46,4,4,12.8
89,3785,2016-06-14 00:00:00,38,1.535,10.7,3.3,1200,3164,40,187,125,62,82,4,4,12
90,3786,2016-06-14 00:00:00,3,0.115,12.5,3.4,1300,2740,38,188,10,61,83,4,4,11.3
91,3787,2016-06-14 00:00:00,21,0.838,10,3,1200,2837,39,188,63,47,59,4,4,13.1
92,3788,2016-06-15 00:00:00,28,1.52,5.1,3.6,700,2434,53,189,101,48,49,3,5,14.7
93,3789,2016-06-15 00:00:00,29,1.521,8.7,3.8,1100,2328,52,189,110,47,45,3,5,13.8
94,3790,2016-06-15 00:00:00,31,1.655,8.1,3.6,1100,2454,53,191,112,50,62,3,5,14.6
95,3791,2016-06-15 00:00:00,42,1.522,11.2,3.1,1200,2993,36,189,130,79,89,3,4,11.7
96,3792,2016-06-15 00:00:00,35,1.495,11.1,3.4,1300,3222,43,189,119,73,74,3,4,12.5
97,3793,2016-06-15 00:00:00,35,1.52,11.4,3.5,1300,3751,43,186,123,63,68,3,4,12.5
98,3794,2016-06-15 00:00:00,31,1.539,9.2,3.8,1100,3131,49,189,118,39,48,3,5,12.8
99,3795,2016-06-15 00:00:00,39,1.574,11.9,3.4,1300,3350,40,188,133,71,73,4,4,11.7
100,3796,2016-06-16 00:00:00,37,1.524,10.2,3.5,1100,4170,41,187,130,78,68,4,4,11.6
101,3797,2016-06-16 00:00:00,32,1.53,10.1,4.4,1000,4029,47,188,141,60,60,4,4,10.9
102,3798,2016-06-16 00:00:00,32,1.532,12.1,3.5,1500,3539,47,188,112,63,54,4,4,13.5
103,3799,2016-06-16 00:00:00,31,1.431,11.2,3.6,1300,3218,45,189,112,51,49,4,4,12.7
104,3800,2016-06-16 00:00:00,30,1.269,9.9,3.5,1100,3291,42,188,105,54,73,4,4,12
105,3801,2016-06-16 00:00:00,29,1.236,11.1,3.6,1200,3583,42,188,104,47,61,4,4,11.9
106,3802,2016-06-17 00:00:00,31,1.225,11.6,3.5,1200,3065,39,188,109,39,45,4,4,11.1
107,3803,2016-06-17 00:00:00,28,1.233,8.6,3.5,1000,3167,44,188,98,33,38,4,5,12.5
108,3804,2016-06-17 00:00:00,27,1.226,8.4,3.5,1000,3098,45,188,95,30,46,4,5,12.8
109,3805,2016-06-17 00:00:00,29,1.231,8.1,3.5,900,2954,42,188,102,27,54,4,5,12
110,3806,2016-06-17 00:00:00,27,1.524,8.1,3.8,1100,2820,56,188,103,31,40,4,5,14.8
111,3807,2016-06-17 00:00:00,26,1.424,9.1,3.8,1200,3317,54,188,99,33,53,4,5,14.1
112,3808,2016-06-17 00:00:00,30,1.228,8.2,3.8,800,4463,40,188,114,72,83,4,5,10.7
113,3809,2016-06-17 00:00:00,32,1.552,9.2,4,1000,3631,47,188,128,62,72,4,5,11.7
114,3810,2016-06-17 00:00:00,38,1.277,11.1,3.4,1000,3176,33,188,129,61,66,4,4,9.6
115,3811,2016-06-18 00:00:00,27,1.226,8.2,3.4,1000,3290,45,188,92,44,57,4,5,13.2
116,3812,2016-06-18 00:00:00,28,1.236,8.6,3.5,1000,2685,44,190,98,38,47,4,5,12.7
117,3813,2016-06-18 00:00:00,24,1.092,7.6,3.5,900,2909,45,188,84,40,47,4,5,12.6
118,3814,2016-06-18 00:00:00,31,1.541,10.9,3.8,1300,3447,49,188,118,40,48,4,4,12.9
119,3815,2016-06-18 00:00:00,27,1.38,10.1,3.6,1300,3109,50,190,97,38,33,4,4,13.7
120,3816,2016-06-18 00:00:00,29,1.205,8.4,3.2,1000,2885,41,190,93,71,73,4,5,12.6
121,3817,2016-06-18 00:00:00,30,1.217,9.7,3,1200,2628,40,188,90,49,43,4,4,13.4
122,3818,2016-06-18 00:00:00,25,1.021,9.7,3,1200,2589,40,189,75,35,32,4,4,13.2
123,3819,2016-06-18 00:00:00,41,1.517,12.6,3,1400,2784,36,188,123,34,31,4,4,12.2
124,3820,2016-06-18 00:00:00,58,1.527,8.6,2.3,900,3076,26,189,133,70,56,4,5,11.2
125,3821,2016-06-19 00:00:00,34,1.235,9.6,3.2,1000,2431,36,187,109,58,49,4,4,11.4
126,3822,2016-06-19 00:00:00,27,1.161,11.5,3,1500,2181,42,187,81,60,55,4,4,13.9
127,3823,2016-06-19 00:00:00,37,1.537,11.8,3,1500,2527,41,189,111,57,49,4,4,13.7
128,3824,2016-06-19 00:00:00,32,1.264,14.6,3.1,1700,2921,39,188,99,55,56,4,3,12.5
129,3825,2016-06-19 00:00:00,29,1.27,11.7,3.4,1400,3337,44,190,99,55,53,4,4,12.8
130,3826,2016-06-20 00:00:00,28,1.23,12.8,3.4,1500,3414,43,188,95,38,36,4,4,12.6
131,3827,2016-06-20 00:00:00,29,1.228,13.4,3.4,1500,3191,41,188,99,34,37,4,4,12
132,3828,2016-06-20 00:00:00,29,1.235,12.2,3.4,1400,3381,42,188,99,45,58,4,4,12.2
133,3829,2016-06-20 00:00:00,31,1.217,12.6,3.4,1300,3292,38,190,105,41,43,4,4,11.2
134,3830,2016-06-20 00:00:00,32,1.374,13.2,3.5,1500,3484,43,188,112,42,43,4,4,12.3
135,3831,2016-06-20 00:00:00,30,1.24,9,3.4,1000,3228,41,188,102,48,48,4,5,12
136,3832,2016-06-20 00:00:00,32,1.246,13.2,3.4,1400,3504,39,188,109,43,49,4,4,11.2
137,3833,2016-06-20 00:00:00,29,1.247,13,3.6,1400,3809,42,187,104,53,44,4,4,11.5
138,3834,2016-06-20 00:00:00,27,1.24,15.7,4,1600,3953,44,188,108,69,42,4,3,11.2
139,3835,2016-06-20 00:00:00,29,1.226,14.3,3.7,1500,4289,42,188,107,63,43,4,3,11.3
140,3836,2016-06-21 00:00:00,28,1.242,16.5,4.1,1600,4304,43,189,115,57,43,4,3,10.5
141,3837,2016-06-21 00:00:00,34,1.531,15.3,4,1600,4001,45,191,136,50,52,4,3,11.3
142,3838,2016-06-21 00:00:00,33,1.428,13.1,4,1300,3546,43,189,132,51,54,4,4,10.8
143,3839,2016-06-21 00:00:00,27,1.261,11.8,3.6,1400,3814,46,187,97,69,76,4,4,12.8
144,3840,2016-06-21 00:00:00,34,1.365,13.2,3.5,1400,3743,40,188,119,72,80,4,4,11.4
145,3841,2016-06-21 00:00:00,36,1.477,10.1,3.5,1100,3376,41,189,126,55,60,4,4,11.7
146,3842,2016-06-21 00:00:00,29,1.307,11.2,3.5,1300,3671,44,189,102,43,58,4,4,12.7
147,3843,2016-06-22 00:00:00,28,1.229,12.3,3.5,1400,3746,43,189,98,45,71,4,4,12.3
148,3844,2016-06-22 00:00:00,27,1.218,9.5,3.5,1100,3365,44,187,95,43,63,4,4,12.5
149,3845,2016-06-22 00:00:00,20,0.944,12.1,3.5,1500,3346,47,189,70,40,47,4,4,13.3
150,3846,2016-06-22 00:00:00,40,1.554,10.4,3.4,1100,3278,39,193,136,52,54,4,4,11.4
151,3847,2016-06-22 00:00:00,29,1.256,10.2,3.4,1200,3174,43,189,99,43,41,4,4,12.5
152,3848,2016-06-22 00:00:00,34,1.516,13.3,3.4,1600,3287,44,189,116,30,30,4,4,12.9
153,3849,2016-06-22 00:00:00,30,1.27,11.4,3.1,1400,2786,41,189,93,36,37,4,4,13.6
154,3850,2016-06-22 00:00:00,28,1.221,10.7,3.2,1300,2847,42,1190,90,53,51,4,4,13.1
155,3851,2016-06-23 00:00:00,32,1.244,8.8,3.1,1000,2706,38,189,99,53,51,4,5,12.4
156,3852,2016-06-23 00:00:00,27,1.226,10.3,3.5,1200,3430,44,189,95,55,57,4,4,12.5
157,3853,2016-06-23 00:00:00,37,1.218,12.2,3.3,1100,3515,32,188,122,59,62,4,4,9.7
158,3854,2016-06-23 00:00:00,24,1.072,20.3,4.6,1800,5419,44,188,110,74,71,4,2,9.5
159,3855,2016-06-24 00:00:00,29,1.229,11.7,3.5,1300,4339,42,188,102,74,60,4,4,11.7
160,3856,2016-06-24 00:00:00,30,1.23,10.4,3.5,1100,4368,40,189,105,77,43,4,4,11.5
161,3857,2016-06-24 00:00:00,39,1.748,9.5,3.5,1100,3989,44,188,137,64,34,4,4,12.5
162,3858,2016-06-24 00:00:00,18,0.844,6.6,3.4,800,3680,45,189,61,83,78,4,5,13.1
163,3859,2016-06-24 00:00:00,27,1.264,9.3,3.6,1100,3717,46,189,97,86,85,4,5,12.9
164,3860,2016-06-24 00:00:00,27,1.256,12.4,4.3,1200,4484,45,190,116,86,87,4,4,10.4
165,3861,2016-06-25 00:00:00,29,1.232,12,3.9,1200,4057,42,189,113,44,83,4,4,11
166,3862,2016-06-25 00:00:00,29,1.226,10,3.8,1000,3614,41,191,110,37,86,4,4,10.8
167,3863,2016-06-25 00:00:00,29,1.237,10.2,3.6,1100,2970,42,189,104,30,53,4,4,11.7
168,3864,2016-06-25 00:00:00,34,1.433,11.4,3.1,1400,2775,41,189,105,51,47,4,4,13.4
169,3865,2016-06-25 00:00:00,29,1.265,9.9,3.3,1200,3113,43,189,96,78,74,4,4,12.8
170,3866,2016-06-25 00:00:00,30,1.237,10.4,3.3,1200,2967,41,190,99,66,78,4,4,12.4
171,3867,2016-06-25 00:00:00,37,1.524,10.9,3.2,1300,2716,41,189,118,59,79,4,4,12.8
172,3868,2016-06-25 00:00:00,28,1.472,11,3.8,1400,2934,52,190,106,69,73,4,4,13.6
173,3869,2016-06-25 00:00:00,39,1.532,9.1,3,1100,2511,39,188,117,45,43,4,5,13
174,3870,2016-06-26 00:00:00,37,1.549,11.6,3.4,1300,2796,41,188,126,47,45,4,4,11.9
175,3871,2016-06-26 00:00:00,35,1.307,8.9,3.4,900,3169,37,190,119,65,57,3,5,10.9
176,3872,2016-06-26 00:00:00,34,1.511,9.1,4.1,900,4223,44,188,139,77,85,3,5,10.7
177,3873,2016-06-26 00:00:00,34,1.552,14.8,4.4,1400,4501,45,188,150,75,74,3,3,10.1
178,3874,2016-06-26 00:00:00,31,1.545,15.5,3.9,1800,3755,49,188,121,67,86,3,3,12.4
179,3875,2016-06-26 00:00:00,35,1.529,10.5,3.3,1300,3375,44,189,116,67,83,3,4,13.1
180,3876,2016-06-27 00:00:00,34,1.527,11.4,3.4,1400,3408,45,187,116,73,62,3,4,13.2
181,3877,2016-06-27 00:00:00,33,1.536,9.8,3.4,1200,2910,45,189,112,57,49,3,4,13.3
182,3878,2016-06-27 00:00:00,33,1.532,11.2,3.4,1400,3250,46,188,112,52,48,3,4,13.5
183,3879,2016-06-27 00:00:00,27,1.225,9.3,3.5,1100,3670,45,191,95,70,56,3,5,13.1
184,3880,2016-06-27 00:00:00,46,1.482,14.5,3.9,1100,4117,32,190,179,68,68,3,3,8
185,3881,2016-06-27 00:00:00,34,1.555,13.5,4.1,1400,3863,46,189,139,72,83,3,3,11.1
186,3882,2016-06-28 00:00:00,36,1.528,10.8,3.5,1200,3420,42,191,126,33,59,3,4,11.8
187,3883,2016-06-28 00:00:00,35,1.552,11.1,3.4,1300,3012,43,190,119,47,61,3,4,12.9
188,3884,2016-06-28 00:00:00,35,1.537,11.6,3.3,1400,3426,43,188,116,75,58,3,4,13.1
189,3885,2016-06-28 00:00:00,40,1.722,11.9,3.4,1400,3281,43,189,136,50,48,3,4,12.6
190,3886,2016-06-28 00:00:00,31,1.268,9.8,3.7,1000,4201,41,188,115,87,76,3,4,11
191,3887,2016-06-28 00:00:00,34,1.528,12.4,4.6,1100,4593,44,190,156,83,84,3,4,9.5
192,3888,2016-06-28 00:00:00,26,1.232,10,4.7,900,4905,46,204,122,60,79,3,4,9.8
193,3889,2016-06-29 00:00:00,30,1.223,8.5,4,800,3906,41,218,120,39,65,3,5,10.2
194,3890,2016-06-29 00:00:00,28,1.23,10.6,3.5,1200,3410,43,219,98,31,55,4,4,12.2
195,3891,2016-06-29 00:00:00,33,1.525,8.7,3.6,1000,3915,45,217,119,52,73,4,5,12.5
196,3892,2016-06-29 00:00:00,42,1.583,9.3,3.2,1000,3366,37,197,134,74,80,4,5,11.5
197,3893,2016-06-29 00:00:00,40,1.546,15.9,3.5,1600,3659,38,199,140,77,87,4,3,11
198,3894,2016-06-29 00:00:00,34,1.4,9.5,3.5,1000,3122,40,197,119,60,76,4,4,11.7
199,3895,2016-06-29 00:00:00,38,1.503,10.3,3.1,1200,2519,39,197,118,41,57,4,4,12.9
200,3896,2016-06-29 00:00:00,41,1.545,8.5,3,1000,2318,38,199,123,32,43,4,5,12.7
201,3897,2016-06-30 00:00:00,34,1.524,12.6,3.5,1500,3422,45,198,119,29,57,4,4,12.8
202,3898,2016-06-30 00:00:00,33,1.523,14.2,3.7,1600,4001,45,197,122,28,55,4,3,12.4
203,3899,2016-06-30 00:00:00,32,1.702,12.4,3.8,1600,3686,53,197,122,28,47,4,4,13.8
204,3900,2016-06-30 00:00:00,29,1.235,13.1,3.4,1500,3032,42,198,99,36,59,4,4,12.5
205,3901,2016-06-30 00:00:00,30,1.266,12.5,3.4,1400,3007,41,197,102,32,40,4,4,12.4
206,3902,2016-06-30 00:00:00,32,1.25,12.3,3.6,1200,3544,38,199,115,34,41,4,4,10.7
1,3903,2016-07-01 00:00:00,29,1.225,12,3.5,1300,3127,41,197,102,31,34,4,4,12
2,3904,2016-07-01 00:00:00,31,1.233,11.3,3.5,1200,4062,40,198,109,36,39,4,4,11.2
3,3905,2016-07-01 00:00:00,33,1.223,9.4,3.9,800,4624,36,199,129,75,71,4,5,9.2
4,3906,2016-07-01 00:00:00,31,1.298,11.4,3.7,1200,4018,42,187,115,73,74,4,4,11.3
5,3907,2016-07-01 00:00:00,30,1.248,17,4.6,1400,4700,41,189,138,66,83,4,3,8.7
6,3908,2016-07-02 00:00:00,37,1.617,10,3.6,1100,3844,43,188,133,49,47,4,4,11.9
7,3909,2016-07-02 00:00:00,23,0.839,9.6,3.9,800,3736,35,188,90,62,58,4,4,9.1
8,3910,2016-07-02 00:00:00,29,1.26,14.9,3.7,1600,3967,43,188,107,50,54,4,3,11.6
9,3911,2016-07-02 00:00:00,27,1.258,13.5,4.1,1400,4265,46,189,111,48,48,4,3,11.2
10,3912,2016-07-02 00:00:00,26,1.228,16.4,4.1,1700,4615,46,190,107,74,56,4,3,11.2
11,3913,2016-07-03 00:00:00,26,1.237,19.2,4.4,1900,5121,47,187,114,64,83,4,2,10.5
12,3914,2016-07-03 00:00:00,27,1.231,19.4,4.4,1800,4559,44,189,119,46,50,4,2,10.1
13,3915,2016-07-03 00:00:00,34,1.528,16.3,3.9,1700,4258,44,187,133,48,54,4,3,11.1
14,3916,2016-07-03 00:00:00,7,0.318,11.8,4,1200,4480,44,189,28,64,79,4,4,10.8
15,3917,2016-07-03 00:00:00,28,1.227,13,4.4,1200,4659,44,186,123,79,89,4,4,9.9
16,3918,2016-07-03 00:00:00,29,1.249,13.3,4.3,1200,4782,42,188,125,70,72,4,4,9.7
17,3919,2016-07-04 00:00:00,32,1.225,11.9,4.2,1000,4453,38,189,134,63,64,4,4,8.9
18,3920,2016-07-04 00:00:00,28,1.206,10.4,4.5,900,4609,42,186,126,82,80,4,4,9.4
19,3921,2016-07-04 00:00:00,30,1.236,13,3.7,1300,4242,40,189,111,67,63,4,4,10.8
20,3922,2016-07-05 00:00:00,32,1.238,9.5,3.7,900,4329,38,187,118,73,60,4,4,10.3
21,3923,2016-07-05 00:00:00,35,1.22,10.6,3.7,900,3923,34,187,130,71,66,4,4,9.2
22,3924,2016-07-05 00:00:00,33,1.255,9,3.5,900,3636,38,185,116,77,81,4,5,11
23,3925,2016-07-05 00:00:00,35,1.219,9.9,3.2,1000,3382,35,189,112,57,54,4,4,10.8
24,3926,2016-07-06 00:00:00,32,1.238,7.9,3.1,900,3232,38,188,99,57,43,4,5,12.3
25,3927,2016-07-06 00:00:00,33,1.236,12.1,3.2,1300,3721,37,188,106,62,48,4,4,11.3
26,3928,2016-07-06 00:00:00,32,1.229,11.3,3.3,1200,3501,38,190,106,67,51,4,4,11.6
27,3929,2016-07-06 00:00:00,32,1.376,13.1,4,1300,4467,43,189,128,49,42,4,4,10.8
28,3930,2016-07-06 00:00:00,36,1.496,10.4,3.6,1100,3453,41,188,130,72,79,3,4,11.5
29,3931,2016-07-06 00:00:00,38,1.51,12.8,3.3,1400,2930,39,189,125,35,40,3,4,12
30,3932,2016-07-06 00:00:00,2,0.067,10,3,900,2746,29,188,6,33,64,3,4,9.6
31,3933,2016-07-06 00:00:00,35,1.464,11.6,3.4,1300,3224,41,189,119,38,54,3,4,12.1
32,3934,2016-07-06 00:00:00,30,1.527,9.3,3.9,1100,3001,50,188,117,33,39,3,5,12.9
33,3935,2016-07-07 00:00:00,36,1.526,7.4,3.2,900,2893,42,187,115,34,37,3,5,13.2
34,3936,2016-07-07 00:00:00,36,1.543,9.3,3.3,1100,2721,42,188,119,31,32,3,5,12.9
35,3937,2016-07-07 00:00:00,38,1.511,10.6,3.2,1200,2540,39,190,122,33,41,3,4,12.3
36,3938,2016-07-07 00:00:00,35,1.528,8.8,3.2,1100,2310,43,189,112,32,31,3,5,13.5
37,3939,2016-07-07 00:00:00,37,1.528,11.8,3.2,1400,2814,41,188,118,31,30,3,4,12.7
38,3940,2016-07-07 00:00:00,35,1.524,20.6,4.1,2000,4890,43,188,144,31,31,3,2,10.5
39,3941,2016-07-08 00:00:00,43,1.53,30.2,4.9,2000,6163,35,217,211,33,34,3,2,7.2
40,3942,2016-07-08 00:00:00,44,1.52,30.8,5.4,1800,6860,34,216,238,34,38,3,2,6.3
41,3943,2016-07-08 00:00:00,47,1.554,23,4.7,1500,5532,33,218,221,64,63,3,2,6.9
42,3944,2016-07-08 00:00:00,21,0.922,13.4,4.1,1300,4200,43,217,86,74,83,3,4,10.6
43,3945,2016-07-08 00:00:00,29,1.258,13.7,3.8,1400,3899,42,216,110,64,70,3,3,11.2
44,3946,2016-07-09 00:00:00,31,1.224,16.6,4,1500,5493,39,217,124,60,85,4,3,9.9
45,3947,2016-07-09 00:00:00,36,1.238,19,4.6,1300,5744,34,218,166,50,44,4,2,7.3
46,3948,2016-07-09 00:00:00,34,1.392,16,3.7,1600,4173,40,217,126,48,39,4,3,10.8
47,3949,2016-07-10 00:00:00,30,1.249,12.5,4.2,1100,4538,40,216,126,81,63,4,4,9.6
48,3950,2016-07-10 00:00:00,30,1.271,15.4,4.5,1300,4732,41,215,135,57,67,4,3,9.2
49,3951,2016-07-10 00:00:00,36,1.554,14,4.3,1300,4713,43,217,155,56,84,4,3,10
50,3952,2016-07-10 00:00:00,29,1.233,9.3,3.6,1000,4334,42,216,104,70,62,4,5,11.6
51,3953,2016-07-10 00:00:00,32,1.229,15.1,3.7,1400,4643,37,218,118,66,40,4,3,10.1
52,3954,2016-07-10 00:00:00,30,1.234,12.6,4,1200,3887,41,217,120,57,33,4,4,10.3
53,3955,2016-07-10 00:00:00,30,1.252,13.6,3.7,1400,3822,41,217,111,70,69,4,3,11
54,3956,2016-07-11 00:00:00,30,1.266,11.7,3.7,1200,4015,41,217,111,63,85,4,4,11
55,3957,2016-07-11 00:00:00,31,1.27,14.4,3.8,1400,4679,40,215,118,76,80,4,3,10.5
56,3958,2016-07-11 00:00:00,24,1.068,18.1,4.5,1600,5503,43,218,108,67,80,4,2,9.6
57,3959,2016-07-11 00:00:00,30,1.227,12.7,4,1200,4355,41,216,120,59,70,4,4,10.2
58,3960,2016-07-11 00:00:00,30,1.229,11.3,3.5,1200,3881,40,216,105,74,61,4,4,11.4
59,3961,2016-07-11 00:00:00,31,1.234,11.3,3.4,1200,3891,39,217,105,54,45,4,4,11.4
60,3962,2016-07-11 00:00:00,28,1.227,11.1,4.1,1100,4398,44,218,115,50,53,4,4,10.6
61,3963,2016-07-11 00:00:00,30,1.251,9.7,4.2,900,4712,42,219,126,83,86,4,4,10
62,3964,2016-07-12 00:00:00,28,1.233,11.6,4.2,1100,4322,43,219,118,85,70,4,4,10.2
63,3965,2016-07-12 00:00:00,29,1.19,12.3,3.5,1300,3793,40,217,102,42,67,4,4,11.4
64,3966,2016-07-12 00:00:00,32,1.224,9.9,3.4,1000,3635,37,219,109,34,70,4,4,11
65,3967,2016-07-12 00:00:00,32,1.223,11.9,3.5,1200,3598,38,219,112,30,68,4,4,11
66,3968,2016-07-12 00:00:00,29,1.255,9.6,3.4,1100,3325,42,217,99,50,73,3,4,12.5
67,3969,2016-07-13 00:00:00,29,1.255,10.5,3.4,1200,3603,42,217,99,57,73,3,4,12.4
68,3970,2016-07-13 00:00:00,34,1.523,7.8,3.6,900,3137,45,217,122,30,52,3,5,12.3
69,3971,2016-07-13 00:00:00,32,1.508,9,3.5,1100,2962,46,217,112,31,33,3,5,13
70,3972,2016-07-13 00:00:00,42,1.517,12,3,1300,2749,35,220,126,41,40,3,4,11.8
71,3973,2016-07-13 00:00:00,34,1.531,7.9,3.2,1000,3006,44,189,109,40,46,3,5,13.8
72,3974,2016-07-13 00:00:00,35,1.523,9.3,3.1,1200,2904,43,190,109,29,47,3,5,13.9
73,3975,2016-07-13 00:00:00,34,1.53,9.6,3,1300,2779,44,189,102,46,51,3,4,14.4
74,3976,2016-07-13 00:00:00,34,1.521,8.6,3.5,1000,3335,44,188,119,76,76,3,5,12.6
75,3977,2016-07-14 00:00:00,41,1.562,15.5,3.8,1400,4497,37,191,156,60,54,4,3,9.8
76,3978,2016-07-14 00:00:00,34,1.51,15.5,4.5,1400,4502,44,189,153,66,65,4,3,9.9
77,3979,2016-07-15 00:00:00,26,1.297,11.7,4.4,1200,4717,49,189,114,84,76,4,4,11
78,3980,2016-07-15 00:00:00,30,1.553,13.2,5.2,1200,5471,51,189,156,87,85,4,4,9.8
79,3981,2016-07-15 00:00:00,30,1.519,11.8,4.2,1300,4137,50,189,126,66,85,4,4,11.8
80,3982,2016-07-15 00:00:00,26,1.448,12,4,1500,3597,54,188,104,76,80,4,4,13.5
81,3983,2016-07-15 00:00:00,43,1.541,10.2,3,1100,2790,35,190,129,61,57,3,4,11.8
82,3984,2016-07-15 00:00:00,37,1.524,8.7,3,1100,2456,41,188,111,52,63,3,5,13.6
83,3985,2016-07-15 00:00:00,35,1.539,10.5,3,1400,2093,43,190,105,36,51,3,4,14.5
84,3986,2016-07-15 00:00:00,36,1.515,8.8,3.1,1100,1975,42,188,112,35,44,3,5,13.6
85,3987,2016-07-16 00:00:00,30,1.535,7.3,3.4,1000,1890,50,187,102,38,41,3,5,14.5
86,3988,2016-07-16 00:00:00,32,1.495,8.3,3.6,1000,1868,47,189,115,32,35,3,5,13.1
87,3989,2016-07-16 00:00:00,34,1.239,10.9,3.3,1100,2133,36,189,112,44,43,3,4,11
88,3990,2016-07-16 00:00:00,35,1.527,7.2,3.2,900,2486,43,169,112,47,48,3,5,13.6
89,3991,2016-07-16 00:00:00,35,1.533,9.9,3.3,1200,2857,43,171,116,36,40,3,4,13.1
90,3992,2016-07-16 00:00:00,38,1.528,10.4,3.2,1200,3085,40,188,122,81,68,3,4,12.6
91,3993,2016-07-16 00:00:00,33,1.424,11.2,3.7,1200,4111,43,189,122,81,55,3,4,11.5
92,3994,2016-07-17 00:00:00,34,1.514,11.8,4,1200,3921,44,188,136,87,61,4,4,11.1
93,3995,2016-07-17 00:00:00,25,1.262,13.2,4.6,1300,5434,49,188,115,76,72,4,4,10.6
94,3996,2016-07-17 00:00:00,28,1.431,11.7,5.4,1000,5932,50,207,151,54,89,4,4,9.2
95,3997,2016-07-17 00:00:00,28,1.244,7.9,3.5,900,4490,43,204,98,35,75,4,5,12.1
96,3998,2016-07-17 00:00:00,27,1.231,10,3.4,1200,3192,44,206,92,44,61,3,4,12.9
97,3999,2016-07-17 00:00:00,25,1.246,10.6,3.7,1300,3457,49,188,93,44,56,3,4,13.2
98,4000,2016-07-18 00:00:00,35,1.54,9.1,3.6,1000,3389,43,189,126,54,64,3,5,12.1
99,4001,2016-07-18 00:00:00,29,1.524,11.9,4,1400,3867,51,188,116,73,69,3,4,12.9
100,4002,2016-07-18 00:00:00,29,1.526,12.8,4.1,1500,3744,52,189,119,63,73,3,4,12.8
101,4003,2016-07-18 00:00:00,40,1.51,11.2,3.5,1100,3521,37,188,140,84,73,3,4,10.5
102,4004,2016-07-18 00:00:00,34,1.532,10.6,3.4,1300,3107,45,191,116,62,52,3,4,13.1
103,4005,2016-07-18 00:00:00,31,1.279,9.8,3.7,1000,3296,41,189,115,76,78,3,4,11.3
104,4006,2016-07-19 00:00:00,28,1.312,9.2,3.9,1000,3709,46,188,109,58,86,4,5,11.7
105,4007,2016-07-19 00:00:00,28,1.242,8.7,4.3,800,4295,43,190,120,53,92,4,5,10.2
106,4008,2016-07-19 00:00:00,38,1.248,10,3.8,800,4501,33,190,144,74,55,4,4,8.7
107,4009,2016-07-19 00:00:00,26,1.212,9,3.4,1100,3946,45,188,88,52,66,4,5,13.2
108,4010,2016-07-19 00:00:00,32,1.223,10,3.5,1000,3713,38,191,112,56,57,4,4,10.8
109,4011,2016-07-20 00:00:00,28,1.254,12.1,4.1,1200,3711,44,191,115,89,81,4,4,10.8
110,4012,2016-07-20 00:00:00,25,1.204,12.6,4.3,1300,3596,48,187,108,88,88,4,4,11.1
111,4013,2016-07-20 00:00:00,35,1.232,11.4,3.7,1000,3322,35,190,130,77,76,3,4,9.5
112,4014,2016-07-20 00:00:00,29,1.229,10.8,3.5,1200,3249,42,188,102,40,71,3,4,11.9
113,4015,2016-07-20 00:00:00,32,1.524,8.1,3.6,1000,2926,48,190,115,44,55,3,5,13.2
114,4016,2016-07-20 00:00:00,31,1.552,9.6,3.7,1200,3279,50,188,115,74,74,3,4,13.4
115,4017,2016-07-21 00:00:00,29,1.516,11.6,4.2,1300,3311,51,188,122,32,74,3,4,12.3
116,4018,2016-07-21 00:00:00,31,1.532,9.5,4.3,1000,3251,49,189,133,48,70,3,4,11.5
117,4019,2016-07-21 00:00:00,28,1.454,9.1,4.3,1000,3073,51,189,120,59,68,3,5,12
118,4020,2016-07-21 00:00:00,30,1.697,7,4.5,800,3351,56,190,135,68,71,3,5,12.4
119,4021,2016-07-21 00:00:00,33,1.499,8.4,3.5,1000,3440,45,188,116,55,40,4,5,12.8
120,4022,2016-07-21 00:00:00,34,1.531,11.7,3.4,1400,4191,44,190,116,58,77,4,4,13
121,4023,2016-07-21 00:00:00,33,1.527,11.8,3.6,1400,4210,46,189,119,73,64,4,4,12.7
122,4024,2016-07-21 00:00:00,20,0.949,11.5,3.5,1400,3541,46,189,70,70,64,4,4,13.1
123,4025,2016-07-21 00:00:00,13,0.605,9.6,3.7,1100,3373,46,187,48,78,84,3,4,12.5
124,4026,2016-07-22 00:00:00,28,1.512,9.2,4.1,1100,2999,53,188,115,67,78,3,5,12.9
125,4027,2016-07-22 00:00:00,27,1.519,9.1,4.3,1100,2410,56,188,116,58,62,3,5,13.1
126,4028,2016-07-22 00:00:00,28,1.664,8.7,4.4,1100,2532,60,187,123,56,55,3,5,13.5
1,4089,2016-07-31 00:00:00,51,1.542,9.4,2.9,900,2673,30,188,148,60,70,3,5,10.5
2,4090,2016-08-02 00:00:00,42,1.521,10.8,3,1200,2607,36,190,126,38,61,3,4,12.3
3,4091,2016-08-02 00:00:00,50,1.721,9.5,3,1000,2550,34,188,150,51,60,3,4,11.6
4,4092,2016-08-02 00:00:00,37,1.531,9.9,3.4,1100,3759,41,189,126,18,79,3,4,12
5,4093,2016-08-02 00:00:00,33,1.574,10.7,3.8,1200,4478,46,188,125,73,81,3,4,12.2
6,4094,2016-08-02 00:00:00,34,1.556,12.2,4.3,1200,6344,46,188,146,75,86,3,4,10.7
7,4095,2016-08-02 00:00:00,33,1.498,10.6,4,1100,4144,45,190,132,54,84,3,4,11.3
8,4096,2016-08-02 00:00:00,32,1.528,9.9,3.6,1200,2807,47,188,115,76,81,3,4,13.2
9,4097,2016-08-03 00:00:00,32,1.532,10.5,3.6,1300,2619,48,190,115,69,44,3,4,13.1
10,4098,2016-08-03 00:00:00,35,1.524,11.2,3.5,1300,2770,44,188,123,69,34,3,4,12.6
11,4099,2016-08-03 00:00:00,37,1.527,10.1,3.5,1100,3268,41,189,130,66,38,3,4,11.8
12,4100,2016-08-03 00:00:00,38,1.539,10.4,3.6,1100,3737,41,186,137,73,68,3,4,11.1
13,4101,2016-08-03 00:00:00,31,1.486,9.7,3.9,1100,4148,48,186,121,79,83,3,4,12.4
14,4102,2016-08-03 00:00:00,31,1.535,9.5,3.9,1100,3996,49,189,121,70,80,3,4,12.6
15,4103,2016-08-03 00:00:00,32,1.526,8.8,3.9,1000,3453,48,188,125,83,71,3,5,12.3
16,4104,2016-08-03 00:00:00,32,1.539,10.3,3.8,1200,3445,48,190,122,61,56,3,4,12.7
17,4105,2016-08-04 00:00:00,26,1.151,9.1,3.7,1000,3351,44,188,96,43,56,3,5,11.9
18,4106,2016-08-04 00:00:00,22,0.98,11.8,3.7,1300,3275,44,189,81,45,53,3,4,12.2
19,4107,2016-08-04 00:00:00,22,0.944,10.5,3.5,1200,3332,43,189,77,34,65,3,4,12.2
20,4108,2016-08-04 00:00:00,20,0.869,8.6,3.4,1000,4366,43,191,68,27,71,3,5,12.5
21,4109,2016-08-04 00:00:00,24,0.897,10.6,3.1,1200,3240,38,190,74,30,68,3,4,12.2
22,4110,2016-08-04 00:00:00,34,1.525,8.2,3.5,1000,3110,46,191,119,74,80,3,5,12.9
23,4111,2016-08-04 00:00:00,32,1.547,11.7,3.8,1400,2682,49,188,122,69,68,3,4,12.7
24,4112,2016-08-04 00:00:00,32,1.524,8.9,3.6,1100,2211,48,189,115,40,38,3,5,13.2
25,4113,2016-08-05 00:00:00,34,1.52,9.5,3.6,1100,2572,45,188,122,36,39,3,4,12.4
26,4114,2016-08-05 00:00:00,38,1.513,11.9,3.4,1300,3523,40,188,129,34,39,3,4,11.8
27,4115,2016-08-05 00:00:00,38,1.504,13.4,3.3,1500,4499,40,188,125,35,80,4,4,11.9
28,4116,2016-08-05 00:00:00,29,1.267,11.4,3.5,1300,4222,43,190,102,40,88,4,4,12.5
29,4117,2016-08-05 00:00:00,33,1.445,9.7,3.6,1100,3814,44,184,119,60,87,4,4,12.2
30,4118,2016-08-05 00:00:00,28,1.257,10.7,3.7,1200,3256,45,188,104,72,71,3,4,12.3
31,4119,2016-08-05 00:00:00,29,1.291,10.8,3.4,1300,2999,44,190,99,71,66,3,4,12.9
32,4120,2016-08-06 00:00:00,28,1.231,8.1,3.3,1000,2862,44,192,92,61,45,3,5,13.3
33,4121,2016-08-06 00:00:00,27,1.204,11.3,3.3,1400,2659,44,189,89,50,26,3,4,13.4
34,4122,2016-08-06 00:00:00,28,1.224,10.2,3.2,1300,2523,44,189,90,50,23,3,4,13.9
35,4123,2016-08-06 00:00:00,31,1.263,9.7,3,1200,2580,40,189,93,37,33,3,4,13.5
36,4124,2016-08-06 00:00:00,37,1.536,12.6,3,1600,2619,41,189,111,30,31,3,4,13.6
37,4125,2016-08-06 00:00:00,38,1.526,12.5,2.9,1600,2843,40,190,110,34,32,3,4,13.5
38,4126,2016-08-06 00:00:00,35,1.524,10.8,3.3,1300,2915,43,190,116,46,42,3,4,13.1
39,4127,2016-08-06 00:00:00,34,1.534,7.5,3.4,900,2830,44,191,116,35,45,3,5,13.1
40,4128,2016-08-07 00:00:00,32,1.526,8.3,3.2,1100,2720,46,189,102,35,35,3,5,14.3
41,4129,2016-08-07 00:00:00,39,1.52,10,3,1200,2689,39,192,117,33,33,3,4,12.8
42,4130,2016-08-07 00:00:00,29,1.419,10.7,3.4,1400,2503,48,189,99,34,33,3,4,14.4
43,4131,2016-08-07 00:00:00,38,1.52,8.6,2.9,1100,2399,40,189,110,46,35,3,5,13.6
44,4132,2016-08-07 00:00:00,36,1.533,7.7,3,1000,2359,42,190,108,33,33,3,5,13.9
45,4133,2016-08-07 00:00:00,21,0.848,8.6,3.2,1000,2369,40,187,67,32,31,3,5,12.6
46,4134,2016-08-07 00:00:00,17,0.68,14.4,2.9,1800,4055,39,187,49,38,31,3,3,13.2
47,4135,2016-08-08 00:00:00,38,1.542,12.9,3.2,1500,2347,40,191,122,31,32,3,4,12.6
48,4136,2016-08-08 00:00:00,37,1.523,10.9,3.1,1300,2652,40,189,115,32,34,3,4,12.8
49,4137,2016-08-08 00:00:00,37,1.522,11.7,3.1,1400,2762,40,189,115,31,32,3,4,12.9
50,4138,2016-08-08 00:00:00,37,1.368,10.6,3.2,1100,3463,36,190,118,51,61,3,4,11.2
51,4139,2016-08-08 00:00:00,30,1.238,12.3,3.5,1300,3118,40,191,105,36,39,4,5,11.7
52,4140,2016-08-08 00:00:00,35,1.531,8.1,3.2,1000,3512,43,188,112,48,83,4,5,13.2
53,4141,2016-08-09 00:00:00,36,1.523,9.3,3.3,1100,3139,42,188,119,35,46,4,5,12.7
54,4142,2016-08-09 00:00:00,35,1.51,8.5,3.3,1000,2998,42,189,116,32,38,3,5,12.7
55,4143,2016-08-09 00:00:00,37,1.523,8.6,3.2,1000,2728,40,191,118,33,33,3,5,12.5
56,4144,2016-08-09 00:00:00,35,1.426,7.6,3.2,900,2776,41,187,112,32,33,3,5,12.7
57,4145,2016-08-09 00:00:00,28,1.246,8.8,3.2,1100,2647,43,189,90,33,34,3,5,13.4
58,4146,2016-08-09 00:00:00,29,1.269,11.3,3.3,1400,3077,44,187,96,39,49,3,4,13.4
59,4147,2016-08-09 00:00:00,33,1.565,28.6,4.3,2900,7026,47,188,142,39,50,3,2,10.9
60,4148,2016-08-09 00:00:00,37,1.534,22.1,4,2100,5618,41,206,148,46,58,3,2,10.3
61,4149,2016-08-10 00:00:00,35,1.524,14,3.5,1600,3281,43,209,123,30,45,3,3,12.4
62,4150,2016-08-10 00:00:00,46,1.522,10.8,3.3,1000,2979,33,205,152,29,44,3,4,10.1
63,4151,2016-08-10 00:00:00,55,1.725,12.3,3.2,1100,3255,31,190,176,39,70,3,4,9.6
64,4152,2016-08-10 00:00:00,35,1.53,9.9,3.3,1200,3204,43,187,116,29,78,3,4,12.9
65,4153,2016-08-10 00:00:00,34,1.52,11.5,3.6,1300,3305,44,188,122,31,43,4,4,12.4
66,4154,2016-08-10 00:00:00,30,1.279,17.9,4,1700,4736,41,189,120,34,56,4,2,10.5
67,4155,2016-08-11 00:00:00,32,1.236,18.2,4,1600,4739,38,190,128,33,45,4,2,9.5
68,4156,2016-08-11 00:00:00,30,1.216,17.4,3.8,1700,4997,40,187,114,30,71,4,3,10.4
69,4157,2016-08-11 00:00:00,36,1.218,23.6,3.8,1900,6673,33,217,137,30,84,4,2,8.8
70,4158,2016-08-11 00:00:00,32,1.287,27.6,3.7,2700,7576,39,227,118,36,64,4,2,10.5
71,4159,2016-08-11 00:00:00,38,1.547,30.9,4.4,2600,7610,40,226,167,33,38,4,2,9.2
72,4160,2016-08-11 00:00:00,32,1.274,27.8,4.3,2400,6886,40,225,138,37,45,4,2,9.3
73,4161,2016-08-12 00:00:00,40,1.268,25.1,3.8,1900,5756,31,226,152,31,38,4,2,8.3
74,4162,2016-08-12 00:00:00,30,1.257,29.7,4.7,2400,7299,41,227,141,32,33,4,2,8.6
75,4163,2016-08-12 00:00:00,35,1.234,24,4.1,1900,6515,35,228,144,32,32,4,2,8.5
76,4164,2016-08-13 00:00:00,32,1.224,15.1,3.8,1400,4225,38,225,122,33,29,4,3,10
77,4165,2016-08-13 00:00:00,26,1.217,11.9,3.8,1300,3523,45,227,99,33,28,4,4,12
78,4166,2016-08-13 00:00:00,28,1.239,9.1,3.7,1000,2900,44,227,104,31,30,4,5,11.8
79,4167,2016-08-13 00:00:00,27,1.227,8.9,3.7,1000,2931,45,226,100,34,30,4,5,12.2
80,4168,2016-08-13 00:00:00,28,1.312,8.8,3.4,1100,3164,46,188,95,37,29,4,5,13.2
81,4169,2016-08-13 00:00:00,26,1.26,14.5,3.8,1700,4311,48,189,99,50,35,4,3,12.6
82,4170,2016-08-13 00:00:00,25,1.262,17.2,3.8,2100,5691,50,190,95,43,36,4,3,13.2
83,4171,2016-08-13 00:00:00,24,1.252,14.2,4.2,1600,4008,51,189,101,39,32,4,3,12.3
84,4172,2016-08-13 00:00:00,24,1.254,9.9,3.9,1200,3066,51,190,94,36,36,4,4,13.1
85,4173,2016-08-14 00:00:00,30,1.235,13.8,3.5,1500,4171,41,189,105,33,33,4,3,11.5
86,4174,2016-08-14 00:00:00,34,1.226,22.2,3.7,2000,5738,36,207,126,33,33,4,2,9.6
87,4175,2016-08-14 00:00:00,29,1.259,28.8,4.1,2800,6761,43,208,119,33,34,4,2,10.5
88,4176,2016-08-14 00:00:00,36,1.534,34.7,4.4,3000,7439,41,207,158,31,31,4,2,9.5
89,4177,2016-08-14 00:00:00,35,1.55,31.9,4.2,3100,7265,44,207,147,32,32,4,2,10.3
90,4178,2016-08-15 00:00:00,35,1.523,31.6,4.2,3000,7048,43,208,147,30,32,3,2,10.3
91,4179,2016-08-15 00:00:00,35,1.549,16.1,4.1,1600,4099,44,207,144,30,31,3,3,10.6
92,4180,2016-08-15 00:00:00,36,1.535,13.9,3.6,1500,4317,42,207,130,30,31,3,3,11.8
93,4181,2016-08-15 00:00:00,42,1.705,9.5,3.5,1000,3234,40,208,147,30,32,3,4,11.6
94,4182,2016-08-15 00:00:00,35,1.508,12.7,3.6,1400,3719,43,207,126,30,31,3,4,11.7
95,4183,2016-08-15 00:00:00,34,1.533,11.8,3.7,1300,3187,44,207,126,30,32,3,4,12
96,4184,2016-08-15 00:00:00,36,1.224,19.4,3.7,1600,5024,33,198,133,30,32,3,2,9.1
97,4185,2016-08-16 00:00:00,32,1.235,27.3,3.7,2600,6744,38,226,118,30,31,3,2,10.3
98,4186,2016-08-16 00:00:00,43,1.537,30.8,3.7,2700,7287,35,227,159,28,47,3,2,9.5
99,4187,2016-08-16 00:00:00,43,1.534,34.4,4.3,2600,7938,35,227,185,26,56,3,2,8.3
100,4188,2016-08-16 00:00:00,47,1.701,31.7,4.6,2300,7188,36,228,216,26,60,4,2,7.7
101,4189,2016-08-16 00:00:00,37,1.533,27.2,4.3,2400,7111,41,227,159,31,50,4,2,9.6
102,4190,2016-08-16 00:00:00,28,1.266,24.7,4.3,2400,6552,45,225,120,34,43,4,2,10.5
103,4191,2016-08-16 00:00:00,26,1.249,17.1,4,1900,4845,48,226,104,33,54,4,3,11.9
104,4192,2016-08-16 00:00:00,25,1.196,17.4,4,1900,4606,47,227,100,31,32,4,3,11.8
105,4193,2016-08-17 00:00:00,32,1.231,23.5,3.6,2300,6048,38,227,115,32,31,4,2,10.8
106,4194,2016-08-17 00:00:00,33,1.239,28.3,3.6,2700,7358,37,226,119,31,31,4,2,10.3
107,4195,2016-08-17 00:00:00,41,1.56,35.9,4.4,2800,8481,37,228,180,31,31,4,2,8.6
108,4196,2016-08-18 00:00:00,31,1.232,32.1,4.3,2700,7660,39,236,133,31,31,4,2,8.9
109,4197,2016-08-18 00:00:00,30,1.299,39.2,4.6,3400,8804,43,235,138,30,33,4,2,9.3
110,4198,2016-08-18 00:00:00,27,1.314,31.7,4.7,3000,6988,48,235,127,31,29,4,2,10.3
111,4199,2016-08-18 00:00:00,28,1.43,23.3,4.5,2400,5951,50,235,126,33,32,4,2,11
112,4200,2016-08-18 00:00:00,32,1.289,18.5,3.6,1900,5149,40,234,115,34,32,4,2,11.2
113,4201,2016-08-18 00:00:00,38,1.242,31.3,3.2,2900,7475,32,236,122,30,32,4,2,10.1
114,4202,2016-08-18 00:00:00,43,1.222,34.3,2.7,3300,7892,28,236,116,32,33,4,2,10.5
115,4203,2016-08-18 00:00:00,36,1.174,34.2,2.9,3500,8456,32,235,104,32,32,4,2,11.1
116,4204,2016-08-18 00:00:00,35,1.274,35.3,3.1,3800,8796,36,235,109,32,32,4,2,11.8
117,4205,2016-08-19 00:00:00,38,1.281,33.4,3.1,3400,8069,34,237,118,33,31,4,2,11
118,4206,2016-08-19 00:00:00,36,1.285,26,3.1,2800,6686,36,236,112,33,31,4,2,11.6
119,4207,2016-08-19 00:00:00,36,1.262,22.5,2.8,2600,6713,35,236,101,34,31,4,2,12.5
120,4208,2016-08-19 00:00:00,40,1.46,21,2.8,2500,5555,36,236,112,35,32,4,2,12.9
121,4209,2016-08-19 00:00:00,35,1.215,8.1,2.9,900,3416,35,237,102,37,32,4,5,11.8
122,4210,2016-08-19 00:00:00,33,1.232,8.7,3.3,900,3496,37,236,109,34,27,4,5,11.1
123,4211,2016-08-19 00:00:00,32,1.263,11.1,3,1300,3296,38,213,96,34,31,4,4,12.9
124,4212,2016-08-20 00:00:00,31,1.254,9.4,2.9,1200,2890,40,190,90,33,31,4,5,13.9
125,4213,2016-08-20 00:00:00,31,1.281,10.3,3,1300,3045,41,190,93,32,31,4,4,13.8
126,4214,2016-08-20 00:00:00,38,1.517,11.6,3,1400,3016,39,189,114,31,32,4,4,13.2
1,4317,2016-09-01 00:00:00,25,1.224,10.8,3.7,1300,4293,48,188,93,43,56,3,4,12.8
2,4318,2016-09-01 00:00:00,26,1.304,11,3.9,1300,5739,50,188,101,49,54,3,4,12.8
3,4319,2016-09-01 00:00:00,25,1.259,10.6,4,1200,4279,49,188,100,39,38,3,4,12.4
4,4320,2016-09-01 00:00:00,28,1.219,13.1,4,1300,3891,43,188,112,39,38,3,4,10.7
5,4321,2016-09-01 00:00:00,25,1.227,22,4,2500,5761,49,190,100,37,36,3,2,12.2
6,4322,2016-09-01 00:00:00,25,1.238,17.3,4,2000,4856,50,189,100,40,45,3,3,12.5
7,4323,2016-09-01 00:00:00,25,1.252,7.8,4,900,3212,50,190,100,52,40,3,5,12.5
8,4324,2016-09-01 00:00:00,30,1.536,9.5,4,1100,2861,50,189,120,34,31,3,4,12.5
9,4325,2016-09-01 00:00:00,28,1.415,12,3.9,1400,2631,49,191,109,31,31,3,4,12.5
10,4326,2016-09-01 00:00:00,34,1.532,12.9,3.5,1500,3290,44,189,119,63,54,3,4,12.6
11,4327,2016-09-02 00:00:00,35,1.533,14.9,3.3,1800,4329,43,189,116,51,47,3,3,13.1
12,4328,2016-09-02 00:00:00,36,1.534,15.2,3.7,1600,4686,42,189,133,63,68,3,3,11.5
13,4329,2016-09-02 00:00:00,35,1.536,15.3,3.8,1600,5707,43,188,133,40,81,3,3,11.2
14,4330,2016-09-02 00:00:00,27,1.235,13.1,3.9,1400,5551,45,190,105,45,78,3,4,11.5
15,4331,2016-09-02 00:00:00,31,1.259,9,3.7,900,4398,40,190,115,45,71,4,5,11
16,4332,2016-09-02 00:00:00,26,1.154,14.1,3.6,1600,4554,44,188,94,34,57,4,3,12.4
17,4333,2016-09-03 00:00:00,36,1.546,19.9,3.6,2200,4511,43,188,130,37,49,4,2,11.8
18,4334,2016-09-03 00:00:00,22,0.983,18.2,3.8,2000,4682,45,190,84,40,44,4,2,11.9
19,4335,2016-09-03 00:00:00,32,1.242,29.7,3.7,2900,7160,39,190,118,35,38,4,2,10.4
20,4336,2016-09-04 00:00:00,14,0.533,24.6,3.7,2400,6374,39,187,52,42,46,4,2,10.5
21,4337,2016-09-04 00:00:00,19,0.757,28.7,3.7,2800,7241,39,189,70,33,32,4,2,10.5
22,4338,2016-09-04 00:00:00,30,1.237,29.8,3.9,2900,8170,41,202,117,32,32,4,2,10.4
23,4339,2016-09-04 00:00:00,26,1.235,13.5,3.9,1500,5005,47,200,101,32,33,4,3,12
24,4340,2016-09-04 00:00:00,25,1.239,8.6,3.9,1000,3816,49,210,98,39,37,4,5,12.3
25,4341,2016-09-05 00:00:00,27,1.25,9.3,3.6,1100,3477,46,208,97,50,40,4,5,12.7
26,4342,2016-09-05 00:00:00,27,1.267,13.2,3.6,1600,3853,47,207,97,32,33,4,4,12.9
27,4343,2016-09-05 00:00:00,28,1.25,13.3,3.7,1500,3491,45,207,104,30,32,4,4,12.2
28,4344,2016-09-05 00:00:00,27,1.154,13.9,3.6,1500,2952,42,206,97,31,33,4,3,11.8
29,4345,2016-09-05 00:00:00,27,1.185,12.1,3.7,1300,3349,43,207,100,29,31,4,4,11.8
30,4346,2016-09-05 00:00:00,28,1.248,20.6,3.9,2200,5108,45,208,109,30,32,4,2,11.5
31,4347,2016-09-05 00:00:00,31,1.525,16.7,4,1900,3970,49,207,124,30,31,3,3,12.3
32,4348,2016-09-05 00:00:00,34,1.566,15,4,1600,3306,46,210,136,30,31,3,3,11.4
33,4349,2016-09-06 00:00:00,30,1.52,11.8,3.9,1400,3310,50,207,117,31,31,3,4,12.8
34,4350,2016-09-06 00:00:00,32,1.522,11.6,3.6,1400,3902,47,208,115,32,36,3,4,13.2
35,4351,2016-09-06 00:00:00,35,1.52,6.1,3,800,3491,43,208,105,32,49,3,5,14.1
36,4352,2016-09-06 00:00:00,27,1.275,11.5,3.5,1400,3974,46,208,95,34,34,3,4,13.2
37,4353,2016-09-06 00:00:00,32,1.533,9.4,3.4,1200,3058,47,208,109,32,37,3,5,13.9
38,4354,2016-09-06 00:00:00,30,1.254,10.7,3.6,1100,2824,40,212,108,33,34,3,4,11.1
39,4355,2016-09-06 00:00:00,25,1.237,14.1,3.5,1800,3004,48,207,88,31,33,3,3,13.7
40,4356,2016-09-07 00:00:00,27,1.251,26.7,3.8,3000,6297,46,208,103,30,32,3,2,11.9
41,4357,2016-09-07 00:00:00,28,1.228,25.1,3.8,2700,5641,44,208,106,35,31,3,2,11.6
42,4358,2016-09-07 00:00:00,28,1.245,16.2,3.3,2000,3243,44,206,92,31,31,3,3,13.4
43,4359,2016-09-07 00:00:00,9,0.459,19.3,3.5,2500,4464,49,206,32,31,32,3,2,14
44,4360,2016-09-07 00:00:00,22,1.008,20.1,3.9,2100,5052,44,209,86,32,31,3,2,11.3
45,4361,2016-09-07 00:00:00,29,1.227,29,3.9,2900,7129,42,207,113,30,31,3,2,10.9
46,4362,2016-09-07 00:00:00,33,1.532,31.8,3.9,3400,8051,45,208,129,30,32,3,2,11.6
47,4363,2016-09-07 00:00:00,34,1.535,33.4,4.1,3400,7613,45,207,139,30,33,3,2,11
48,4364,2016-09-07 00:00:00,37,1.548,35.5,4.5,3000,7035,41,209,167,30,32,3,2,9.2
49,4365,2016-09-07 00:00:00,23,1.054,34.9,4.6,3100,7929,44,208,106,30,32,3,2,9.7
50,4366,2016-09-07 00:00:00,40,1.748,32,4.4,2900,7123,43,204,176,30,33,3,2,9.8
51,4367,2016-09-08 00:00:00,28,1.256,22.3,3.8,2400,4762,44,206,106,31,32,4,2,11.6
52,4368,2016-09-08 00:00:00,28,1.219,20.4,3.7,2200,4548,43,208,104,30,32,4,2,11.9
53,4369,2016-09-08 00:00:00,28,1.235,23.2,3.5,2700,5780,44,207,98,31,31,4,2,12.3
54,4370,2016-09-08 00:00:00,32,1.381,27.4,3.9,2800,7058,43,207,125,30,31,4,2,11
55,4371,2016-09-08 00:00:00,24,1.237,18.2,4.1,2100,4490,51,207,98,31,31,4,2,12.4
56,4372,2016-09-08 00:00:00,27,1.263,31.6,4.3,3200,6919,47,209,116,30,31,4,2,10.8
57,4373,2016-09-08 00:00:00,25,1.24,34.8,4.3,3600,8136,48,208,108,30,31,4,2,11.1
58,4374,2016-09-08 00:00:00,25,1.234,30.3,4.3,3200,7540,49,206,108,31,32,4,2,11.3
59,4375,2016-09-08 00:00:00,24,1.234,29.1,4.3,3200,7609,51,207,103,33,42,4,2,11.7
60,4376,2016-09-09 00:00:00,26,1.185,24.5,4,2500,6123,44,208,104,33,38,4,2,11.1
61,4377,2016-09-09 00:00:00,27,1.261,24.2,3.9,2700,5853,47,208,105,32,36,4,2,12.1
62,4378,2016-09-09 00:00:00,26,1.259,27.8,3.9,3100,7893,47,209,101,35,36,4,2,12.1
63,4379,2016-09-09 00:00:00,26,1.252,16.2,3.7,1900,5174,47,209,96,40,46,4,3,12.6
64,4380,2016-09-09 00:00:00,24,1.387,12.4,4,1600,4490,56,206,96,36,37,4,4,13.9
65,4381,2016-09-09 00:00:00,24,1.208,16.7,4.2,1800,4945,49,208,101,36,35,4,3,11.6
66,4382,2016-09-09 00:00:00,25,1.242,30.9,4.3,3200,7075,48,207,108,35,36,4,2,11.3
67,4383,2016-09-09 00:00:00,28,1.258,31.6,4,3300,7258,45,209,112,32,32,4,2,11
68,4384,2016-09-10 00:00:00,29,1.25,30.3,3.9,3100,7229,43,208,113,31,33,4,2,11.1
69,4385,2016-09-10 00:00:00,28,1.243,19,3.6,2100,5162,43,212,101,34,34,4,2,11.8
70,4386,2016-09-10 00:00:00,26,1.197,15.1,3.7,1700,4694,45,207,96,35,32,4,3,12.3
71,4387,2016-09-10 00:00:00,28,1.234,16.3,3.7,1800,4549,44,207,104,33,32,4,3,11.8
72,4388,2016-09-10 00:00:00,27,1.218,16,3.7,1800,3498,45,207,100,32,32,4,3,12
73,4389,2016-09-10 00:00:00,27,1.254,9.5,3.7,1100,2621,46,208,100,31,31,4,4,12.3
74,4390,2016-09-10 00:00:00,26,1.254,9.4,3.4,1200,2898,47,208,88,31,31,4,4,13.8
75,4391,2016-09-10 00:00:00,26,1.228,15.6,3.7,1800,4093,46,207,96,31,31,4,3,12.4
76,4392,2016-09-11 00:00:00,31,1.534,17.6,3.8,2100,5208,49,209,118,31,32,4,2,12.9
77,4393,2016-09-11 00:00:00,32,1.481,22.3,3.8,2500,6011,46,208,122,32,32,4,2,12
78,4394,2016-09-11 00:00:00,34,1.52,16.2,3.9,1700,3758,44,208,133,32,32,4,3,11.5
79,4395,2016-09-11 00:00:00,31,1.385,14.9,3.8,1600,3586,44,208,118,33,32,4,3,11.7
81,4397,2016-09-12 00:00:00,27,1.249,13.8,3.6,1600,4399,45,207,97,62,61,3,3,12.6
82,4398,2016-09-12 00:00:00,28,1.226,15,3.6,1700,4587,44,207,101,26,89,3,3,12.1
83,4399,2016-09-12 00:00:00,27,1.219,14.5,3.7,1600,5075,44,208,100,30,66,3,3,11.8
84,4400,2016-09-12 00:00:00,25,1.147,11.1,4.1,1100,5665,44,208,103,28,64,3,4,10.9
85,4401,2016-09-12 00:00:00,27,1.238,10.8,4.1,1100,4361,45,210,111,29,55,3,4,11.1
86,4402,2016-09-13 00:00:00,25,1.236,11.8,4.1,1300,3864,49,209,103,28,47,4,4,12
87,4403,2016-09-13 00:00:00,24,1.239,11.2,4,1300,4021,50,207,96,29,40,4,4,12.4
88,4404,2016-09-13 00:00:00,25,1.237,15.4,4.1,1700,4733,49,207,103,30,33,4,3,12.1
89,4405,2016-09-13 00:00:00,32,1.287,16,3.4,1700,3160,39,209,109,33,37,4,3,11.4
90,4406,2016-09-13 00:00:00,29,1.222,11.4,3.1,1400,2974,41,208,90,31,32,4,4,13.5
91,4407,2016-09-13 00:00:00,29,1.247,15.4,3.4,1800,4195,43,208,99,32,30,4,3,12.6
92,4408,2016-09-13 00:00:00,26,1.227,18.7,4.2,1900,5384,46,208,109,31,30,4,2,10.9
93,4409,2016-09-14 00:00:00,31,1.546,16.1,4.3,1700,4713,49,207,133,30,37,4,3,11.5
94,4410,2016-09-14 00:00:00,33,1.539,12.8,4.2,1300,4226,46,208,139,35,46,4,4,11.1
95,4411,2016-09-14 00:00:00,32,1.474,10.9,4.2,1100,3628,46,208,134,44,44,4,4,11
96,4412,2016-09-14 00:00:00,28,1.166,11.1,4.2,1000,3559,41,206,118,42,48,4,4,10
97,4413,2016-09-14 00:00:00,26,1.246,11.4,3.9,1300,4079,48,207,101,49,51,4,4,12.1
98,4414,2016-09-14 00:00:00,26,1.226,12.8,3.9,1400,3601,46,210,101,40,41,4,4,12.1
99,4415,2016-09-15 00:00:00,27,1.244,12.8,3.9,1400,3907,46,206,105,35,36,4,4,11.9
100,4416,2016-09-15 00:00:00,28,1.22,10.8,3.9,1100,3600,43,207,109,34,35,4,4,11.1
101,4417,2016-09-15 00:00:00,34,1.438,12.3,4,1200,4057,42,208,136,37,46,4,4,10.4
102,4418,2016-09-15 00:00:00,29,1.214,11.4,3.7,1200,3781,42,208,107,40,72,4,4,11.3
103,4419,2016-09-15 00:00:00,29,1.247,10.2,3.7,1100,3687,43,208,107,40,62,4,4,11.7
104,4420,2016-09-15 00:00:00,28,1.229,13,3.6,1400,4253,42,207,101,48,52,4,4,11.7
105,4421,2016-09-15 00:00:00,27,1.274,11.9,3.7,1400,3899,47,209,100,46,40,4,4,12.8
106,4422,2016-09-15 00:00:00,26,1.23,13.4,3.9,1500,3724,47,211,101,43,38,4,4,12.2
107,4423,2016-09-16 00:00:00,29,1.365,10.1,4,1100,3178,47,209,116,39,34,4,4,11.8
108,4424,2016-09-16 00:00:00,28,1.214,10,3.9,1000,3171,42,206,109,40,33,4,4,10.9
109,4425,2016-09-16 00:00:00,28,1.251,12.4,3.9,1300,4193,44,207,109,35,32,4,4,11.4
110,4426,2016-09-16 00:00:00,26,1.22,10,3.8,1100,3825,45,206,99,40,34,4,4,12.1
111,4427,2016-09-16 00:00:00,27,1.246,8.2,3.8,900,3967,45,208,103,44,55,4,5,11.7
112,4428,2016-09-17 00:00:00,25,1.226,9.7,3.9,1100,3994,48,207,98,33,36,4,4,12.1
113,4429,2016-09-17 00:00:00,26,1.24,21.2,4.1,2200,5298,46,208,107,35,37,4,2,11.4
114,4430,2016-09-17 00:00:00,26,1.249,24.7,4.3,2500,5694,47,208,112,39,46,4,2,10.9
115,4431,2016-09-17 00:00:00,28,1.189,21.4,3.7,2200,4160,41,207,104,42,47,4,2,11.3
116,4432,2016-09-17 00:00:00,29,1.218,19.5,3.7,2000,5240,41,207,107,43,46,4,2,11
117,4433,2016-09-17 00:00:00,28,1.244,11.2,3.7,1200,4870,43,207,104,37,73,4,4,11.7
118,4434,2016-09-17 00:00:00,26,1.235,13.5,3.6,1600,4948,46,208,94,38,57,3,4,12.7
119,4435,2016-09-18 00:00:00,34,1.535,22.2,3.7,2500,5295,45,208,126,32,35,3,2,12.2
120,4436,2016-09-18 00:00:00,28,1.218,35.8,4.1,3400,7250,42,208,115,32,34,3,2,10.4
121,4437,2016-09-18 00:00:00,35,1.533,38.2,4.1,3800,7732,44,209,144,32,34,3,2,10.7
122,4438,2016-09-18 00:00:00,31,1.352,36.2,4.1,3600,7757,44,208,127,31,38,3,2,10.6
123,4439,2016-09-18 00:00:00,28,1.215,31.2,3.8,3200,6267,42,208,106,32,40,3,2,11.2
124,4440,2016-09-18 00:00:00,39,1.511,37.8,4.3,3100,7699,38,218,168,29,49,3,2,8.9
125,4441,2016-09-18 00:00:00,35,1.523,33.4,4.3,3100,7197,43,217,151,30,43,3,2,10.1
126,4442,2016-09-19 00:00:00,27,1.22,26.3,4.3,2500,5998,44,217,116,32,34,3,2,10.2
1,4545,2016-10-01 00:00:00,34,1.51,35.3,4.4,3200,8043,43,245,150,29,46,3,2,9.8
2,4546,2016-10-01 00:00:00,35,1.54,35,4.2,3400,7913,44,244,147,31,44,3,2,10.3
3,4547,2016-10-01 00:00:00,33,1.54,30.3,4.3,3000,7661,46,244,142,46,43,3,2,10.6
4,4548,2016-10-01 00:00:00,31,1.4,24,4,2500,6368,45,245,124,43,35,3,2,11.1
5,4549,2016-10-01 00:00:00,30,1.51,21.6,4,2500,5936,50,245,120,44,35,3,2,12.5
6,4550,2016-10-01 00:00:00,31,1.53,28.6,4.1,3100,7433,48,245,127,34,48,3,2,11.8
7,4551,2016-10-01 00:00:00,32,1.52,29.9,4.5,2900,7109,47,243,144,33,36,3,2,10.4
8,4552,2016-10-01 00:00:00,26,1.13,27.1,4.6,2400,6685,44,245,120,36,37,3,2,9.5
9,4553,2016-10-01 00:00:00,25,1.25,24.9,4.1,2700,6316,48,246,103,38,37,3,2,11.8
10,4554,2016-10-01 00:00:00,11,0.6,18.6,4,2200,4808,51,245,44,35,49,3,2,12.5
11,4555,2016-10-02 00:00:00,20,1.03,11.4,4.3,1200,3299,49,244,86,35,39,3,4,11.6
12,4556,2016-10-02 00:00:00,19,0.94,12.3,4.2,1300,3591,48,248,80,32,32,3,4,11.4
13,4557,2016-10-02 00:00:00,26,1.16,16.3,3.5,1900,4600,44,245,91,34,31,3,3,12.4
14,4558,2016-10-02 00:00:00,18,0.87,25.6,3.9,2800,6868,46,244,70,32,34,3,2,11.7
15,4559,2016-10-02 00:00:00,15,0.67,24.8,3.8,2600,6506,43,245,57,32,39,3,2,11.4
16,4560,2016-10-02 00:00:00,33,1.53,14.3,3.8,1600,3879,46,245,125,38,33,3,3,12.2
17,4561,2016-10-02 00:00:00,32,1.54,10.2,3.7,1200,3131,47,244,118,33,31,3,4,12.6
18,4562,2016-10-03 00:00:00,32,1.54,8.6,3.8,1000,3333,48,244,122,34,30,3,5,12.6
19,4563,2016-10-03 00:00:00,29,1.53,15.7,3.9,1900,3718,51,208,113,31,31,3,3,13.1
20,4564,2016-10-03 00:00:00,35,1.73,26.8,4.2,2900,6158,49,206,147,31,32,3,2,11.8
21,4565,2016-10-03 00:00:00,32,1.51,18.7,3.8,2100,4914,46,207,122,31,47,3,2,12.3
22,4566,2016-10-03 00:00:00,33,1.54,27.5,4.1,2800,7193,45,236,135,29,56,3,2,11
23,4567,2016-10-03 00:00:00,26,1.25,32,4.5,3100,8241,47,244,117,36,68,3,2,10.5
24,4568,2016-10-03 00:00:00,28,1.21,29.2,4.3,2700,9077,43,245,120,60,79,4,2,9.9
25,4569,2016-10-03 00:00:00,30,1.26,13.7,4,1300,7036,41,246,120,78,70,4,3,10.1
26,4570,2016-10-04 00:00:00,33,1.35,9.3,3.8,900,4964,40,245,125,54,60,4,5,10.5
27,4571,2016-10-04 00:00:00,30,1.23,7.4,3.5,800,3608,41,244,105,45,69,4,5,11.7
28,4572,2016-10-05 00:00:00,26,1.21,9.8,3.4,1200,3707,45,187,88,79,60,4,4,13.2
29,4573,2016-10-05 00:00:00,28,1.25,8.6,3.8,900,3542,43,188,106,64,42,4,5,11.5
30,4574,2016-10-05 00:00:00,25,1.25,6.6,3.7,800,3715,49,189,93,78,45,4,5,13.2
31,4575,2016-10-05 00:00:00,25,1.25,5.9,3.7,700,3304,48,189,93,79,41,4,5,12.9
32,4576,2016-10-05 00:00:00,27,1.33,0.9,3.7,100,2898,48,189,100,74,47,4,5,12.9
33,4577,2016-10-05 00:00:00,30,1.27,11.4,3.7,1200,2729,42,190,111,64,55,4,4,11.3
34,4578,2016-10-05 00:00:00,27,1.22,8.2,3.7,900,2963,44,185,100,56,42,4,5,11.7
35,4579,2016-10-05 00:00:00,28,1.25,9.3,3.8,1000,3063,44,189,106,50,40,4,5,11.7
36,4580,2016-10-06 00:00:00,29,1.23,12.4,3.7,1300,4049,42,189,107,69,73,4,4,11.4
37,4581,2016-10-06 00:00:00,29,1.2,17.5,3.7,1800,5134,41,189,107,59,67,4,3,11
38,4582,2016-10-06 00:00:00,34,1.18,20.5,3.8,1700,4845,34,191,129,57,41,4,2,9
39,4583,2016-10-06 00:00:00,24,1.22,19.1,4.3,2100,5305,51,207,103,50,35,4,2,11.9
40,4584,2016-10-06 00:00:00,25,1.25,17.6,4.2,1900,5018,49,206,105,35,37,4,2,11.7
41,4585,2016-10-06 00:00:00,23,1.2,14.5,4.2,1600,4257,50,206,97,32,41,4,3,12
42,4586,2016-10-06 00:00:00,24,1.24,15.4,4.2,1700,4628,50,208,101,29,57,4,3,12
43,4587,2016-10-06 00:00:00,31,1.53,15.7,4.2,1700,4735,49,205,130,34,61,4,3,11.5
44,4588,2016-10-07 00:00:00,34,1.52,14,3.8,1500,4626,44,208,129,40,76,4,3,11.6
45,4589,2016-10-07 00:00:00,32,1.54,14.9,3.9,1700,4930,48,207,125,40,61,4,3,12.3
46,4590,2016-10-07 00:00:00,30,1.49,18.1,4.1,2000,5116,49,208,123,35,55,4,2,12
47,4591,2016-10-07 00:00:00,26,1.25,20.7,4.1,2200,5698,47,208,107,42,63,4,2,11.4
48,4592,2016-10-07 00:00:00,26,1.23,24.6,4.2,2500,6257,46,207,109,36,61,4,2,11.1
49,4593,2016-10-07 00:00:00,24,1.26,21.3,4.2,2400,5807,51,209,101,37,59,4,2,12.1
50,4594,2016-10-07 00:00:00,25,1.23,21.8,4.3,2300,6424,49,207,108,34,63,4,2,11.5
51,4595,2016-10-08 00:00:00,27,1.23,26.4,4.4,2500,7182,45,207,119,29,78,4,2,10.2
52,4596,2016-10-08 00:00:00,25,1.27,20.9,4.3,2200,7485,49,207,108,42,78,4,2,11.3
53,4597,2016-10-08 00:00:00,26,1.25,15.6,4,1700,5576,47,208,104,52,69,4,3,12
54,4598,2016-10-08 00:00:00,30,1.26,16.5,4,1600,5189,42,205,120,37,50,4,3,10.6
55,4599,2016-10-08 00:00:00,26,1.23,14.6,3.9,1600,4077,46,209,101,35,44,4,3,11.9
56,4600,2016-10-08 00:00:00,25,1.22,12,3.9,1400,3509,49,209,98,33,38,4,4,12.9
57,4601,2016-10-08 00:00:00,24,1.22,9.3,3.9,1100,2942,50,207,94,33,33,4,5,13
58,4602,2016-10-09 00:00:00,24,1.25,10.1,3.9,1200,3314,50,209,94,35,34,4,4,13
59,4603,2016-10-09 00:00:00,24,1.25,9.7,3.8,1200,3564,51,207,91,52,35,4,4,13.3
60,4604,2016-10-09 00:00:00,27,1.42,9.4,3.7,1200,2980,51,209,100,80,31,4,5,13.7
61,4605,2016-10-09 00:00:00,33,1.5,12.8,3.8,1400,3415,45,209,125,64,26,4,4,11.6
62,4606,2016-10-09 00:00:00,20,0.95,19.7,4,2100,4803,46,207,80,43,30,4,2,11.5
63,4607,2016-10-09 00:00:00,13,0.55,30.5,4.1,2900,6508,42,208,53,37,31,4,2,10.2
64,4608,2016-10-09 00:00:00,28,1.23,21.6,4,2200,5378,44,207,112,45,30,4,2,11
65,4609,2016-10-09 00:00:00,27,1.23,11.9,3.9,1300,4096,46,208,105,49,42,4,4,11.9
66,4610,2016-10-10 00:00:00,26,1.23,11.9,3.7,1400,3530,47,208,96,38,42,4,4,12.6
67,4611,2016-10-10 00:00:00,18,0.79,9.1,3.7,1000,2867,44,208,67,31,38,4,5,12
68,4612,2016-10-10 00:00:00,9,0.46,10.6,3.7,1300,3157,49,206,33,31,32,4,4,13.1
69,4613,2016-10-10 00:00:00,27,1.25,12.5,3.8,1400,3610,46,209,103,30,32,4,4,12.1
70,4614,2016-10-10 00:00:00,26,1.24,13.4,3.8,1500,3368,46,206,99,30,33,4,4,12.2
71,4615,2016-10-11 00:00:00,25,1.22,14,3.8,1600,3219,47,204,95,31,33,4,3,12.9
72,4616,2016-10-11 00:00:00,28,1.33,24,4.1,2500,5260,46,208,115,31,0,4,2,11.2
73,4617,2016-10-11 00:00:00,26,1.23,26.4,4.2,2800,6303,48,214,109,31,32,4,2,11.4
74,4618,2016-10-11 00:00:00,25,1.23,20.3,4.1,2200,4494,48,216,103,31,31,4,2,11.8
75,4619,2016-10-11 00:00:00,34,1.52,27.7,3.9,2900,5727,44,216,133,31,31,4,2,11.3
76,4620,2016-10-11 00:00:00,30,1.54,36.2,4.3,3900,7491,50,217,129,30,31,4,2,11.8
77,4621,2016-10-11 00:00:00,31,1.54,33.1,4.3,3500,7618,49,215,133,35,42,4,2,11.5
78,4622,2016-10-11 00:00:00,26,1.22,24.7,4.3,2500,6656,47,216,112,35,45,4,2,11.2
79,4623,2016-10-12 00:00:00,30,1.45,31.9,4.8,2900,7713,47,217,144,32,36,4,2,9.8
80,4624,2016-10-12 00:00:00,26,1.25,27,4.8,2500,6123,48,216,125,32,36,3,2,10
81,4625,2016-10-12 00:00:00,26,1.25,28.5,4.7,2700,7019,48,216,122,31,34,3,2,10.3
82,4626,2016-10-12 00:00:00,27,1.24,29.8,4.7,2700,7662,46,217,127,31,32,3,2,9.7
83,4627,2016-10-12 00:00:00,38,1.27,42.6,4.5,2900,8676,33,217,171,30,33,4,2,7.5
84,4628,2016-10-12 00:00:00,34,1.16,40.9,4.3,3000,9442,34,217,146,31,44,4,2,7.9
85,4629,2016-10-12 00:00:00,29,-0.12,27.7,4,2700,6715,42,218,116,35,68,4,2,10.6
86,4630,2016-10-12 00:00:00,33,1.28,31.4,4.2,2700,9138,39,216,139,32,39,4,2,9.2
87,4631,2016-10-12 00:00:00,26,1.25,23.1,4.2,2500,6718,49,217,109,32,36,4,2,11.6
88,4632,2016-10-12 00:00:00,10,0.47,15.8,3.9,1800,4231,48,215,39,36,38,4,3,12.3
89,4633,2016-10-13 00:00:00,25,1.23,18,3.9,2100,5360,49,216,98,34,38,4,2,12.4
90,4634,2016-10-13 00:00:00,18,0.8,25.2,4.2,2500,6490,45,216,76,32,33,4,2,10.9
91,4635,2016-10-13 00:00:00,27,1.25,27.9,4.4,2700,6583,46,217,119,33,32,4,2,10.4
92,4636,2016-10-13 00:00:00,30,1.24,31.9,4.5,2700,6578,41,216,135,34,31,4,2,9.1
93,4637,2016-10-13 00:00:00,32,1.59,23.1,4.2,2500,5523,49,217,134,34,32,4,2,11.7
94,4638,2016-10-13 00:00:00,30,1.4,24.2,4.3,2400,6078,46,217,129,32,28,4,2,10.7
95,4639,2016-10-13 00:00:00,6,0.22,6.3,3.8,600,3378,39,219,23,48,36,4,5,10.1
96,4640,2016-10-13 00:00:00,24,1.03,20.5,3.8,2200,4626,44,216,91,35,32,4,2,11.4
97,4641,2016-10-13 00:00:00,35,1.54,26.8,3.9,2800,5871,44,217,137,32,32,4,2,11.2
98,4642,2016-10-13 00:00:00,28,1.25,24.9,3.9,2600,5781,44,216,109,39,38,4,2,11.4
99,4643,2016-10-14 00:00:00,36,1.63,26.7,4.1,2600,6515,43,217,148,37,35,4,2,10.5
100,4644,2016-10-14 00:00:00,27,1.17,30,4.6,2600,7526,43,216,124,33,31,4,2,9.2
101,4645,2016-10-14 00:00:00,39,1.53,33.2,4.5,2600,7972,38,216,176,31,32,4,2,8.6
102,4646,2016-10-14 00:00:00,42,1.71,37.1,5.1,2700,8680,40,219,214,31,31,4,2,7.8
103,4647,2016-10-14 00:00:00,53,1.54,23.2,3.9,1600,6573,29,217,207,33,33,4,2,7.4
104,4648,2016-10-14 00:00:00,47,1.55,23.5,4,1800,5678,33,217,188,36,38,4,2,8.3
105,4649,2016-10-14 00:00:00,34,1.53,17.2,3.9,1800,4620,44,217,133,49,66,4,3,11.2
106,4650,2016-10-14 00:00:00,27,1.22,15.9,3.9,1700,4592,45,216,105,35,35,4,3,11.4
107,4651,2016-10-15 00:00:00,34,1.25,25.7,3.9,2200,7210,36,215,133,31,34,4,2,9.3
108,4652,2016-10-15 00:00:00,42,1.52,32.3,4,2700,7078,36,217,168,36,43,4,2,9
109,4653,2016-10-15 00:00:00,32,1.24,28.4,4,2500,6680,38,217,128,56,40,4,2,9.5
110,4654,2016-10-15 00:00:00,28,1.24,21,3.9,2200,5035,44,219,109,40,32,4,2,11.2
111,4655,2016-10-15 00:00:00,30,1.43,28.3,4.4,2800,6125,47,216,132,32,31,4,2,10.8
112,4656,2016-10-15 00:00:00,30,1.23,29.7,3.8,2900,6802,40,216,114,33,37,3,2,10.4
113,4657,2016-10-15 00:00:00,33,1.55,20.6,4.4,2000,5641,46,215,145,58,41,3,2,10.4
114,4658,2016-10-15 00:00:00,35,1.54,13.1,4,1300,3985,43,216,140,33,32,3,4,10.8
115,4659,2016-10-15 00:00:00,32,1.52,16.1,3.9,1800,4750,47,216,125,31,31,3,3,12.1
116,4660,2016-10-15 00:00:00,31,1.54,17.7,3.9,2100,4228,50,216,121,31,32,3,3,12.7
117,4661,2016-10-15 00:00:00,11,0.53,18.9,3.9,2200,4675,49,217,43,34,33,3,2,12.4
118,4662,2016-10-16 00:00:00,21,1,22.5,4,2400,5726,46,217,84,42,32,3,2,11.7
119,4663,2016-10-16 00:00:00,31,1.49,24.5,4.2,2700,5967,50,216,130,34,34,3,2,11.9
120,4664,2016-10-16 00:00:00,27,1.14,26.1,4,2600,5913,43,219,108,41,38,3,2,10.7
121,4665,2016-10-16 00:00:00,28,1.22,28.4,4.2,2700,5488,43,217,118,39,39,3,2,10.3
122,4666,2016-10-16 00:00:00,11,0.43,25.4,4.1,2300,5012,40,215,45,36,36,3,2,9.6
123,4667,2016-10-16 00:00:00,28,1.24,24.9,3.9,2600,5755,44,218,109,41,35,3,2,11.5
124,4668,2016-10-17 00:00:00,25,1.26,22.6,4.2,2500,5395,50,216,105,39,32,3,2,11.7
125,4669,2016-10-17 00:00:00,33,1.53,25.2,4.3,2500,5845,46,216,142,31,31,3,2,10.8
126,4670,2016-10-17 00:00:00,33,1.52,25.2,4.3,2500,5442,46,217,142,32,32,3,2,10.6
127,4671,2016-10-17 00:00:00,34,1.53,26.8,4.3,2600,5930,45,216,146,31,32,3,2,10.5
128,4672,2016-10-17 00:00:00,33,1.52,18.3,3.9,2000,4874,46,218,129,31,32,3,2,12
129,4673,2016-10-17 00:00:00,36,1.53,18.5,4,1800,5187,42,216,144,31,33,3,2,10.7
1,4784,2016-11-01 00:00:00,32,1.51,10.5,3.8,1200,3502,47,188,122,55,58,4,4,12.3
2,4785,2016-11-01 00:00:00,26,1.25,7.9,3.8,900,3235,47,188,99,48,44,4,5,12.3
3,4786,2016-11-01 00:00:00,31,1.53,8.3,4.2,900,3359,49,188,130,54,47,4,5,11.7
4,4787,2016-11-01 00:00:00,27,1.44,9.1,4,1100,3006,52,187,108,38,30,4,5,12.9
5,4788,2016-11-01 00:00:00,28,1.22,8,3.6,900,3007,44,186,101,66,50,4,5,12.2
6,4789,2016-11-01 00:00:00,26,1.23,9.3,3.6,1100,3223,46,188,94,57,50,4,5,12.7
7,4790,2016-11-01 00:00:00,26,1.24,9.3,3.6,1100,3356,46,188,94,58,57,4,5,12.9
8,4791,2016-11-01 00:00:00,27,1.26,10.2,3.6,1200,3789,46,188,97,77,71,4,4,12.7
9,4792,2016-11-01 00:00:00,27,1.24,9.5,3.6,1100,3593,45,187,97,56,44,4,4,12.4
10,4793,2016-11-01 00:00:00,26,1.23,10.2,3.7,1200,3703,47,189,96,58,48,4,4,12.8
11,4794,2016-11-02 00:00:00,34,1.58,10.7,3.8,1200,3902,46,188,129,56,46,4,4,12.2
12,4795,2016-11-02 00:00:00,21,0.92,9.6,3.9,1000,3547,44,187,82,64,54,4,4,11.1
13,4796,2016-11-02 00:00:00,32,1.47,12.8,3.9,1400,3666,46,189,125,55,55,4,4,11.7
14,4797,2016-11-02 00:00:00,30,1.44,10.8,3.9,1200,3679,47,189,117,45,63,4,4,12.1
15,4798,2016-11-02 00:00:00,26,1.22,10.7,3.5,1300,3479,46,191,91,46,64,4,4,12.9
16,4799,2016-11-02 00:00:00,27,1.26,8.5,3.6,1000,3762,46,191,97,48,60,4,5,12.8
17,4800,2016-11-02 00:00:00,26,1.23,8.7,3.7,1000,3713,46,189,96,54,67,4,5,12.4
18,4801,2016-11-02 00:00:00,26,1.24,8.7,3.7,1000,3548,46,189,96,44,49,4,5,12.4
19,4802,2016-11-03 00:00:00,23,1.09,12.2,3.7,1400,3479,46,190,85,44,46,4,4,12.5
20,4803,2016-11-03 00:00:00,27,1.21,10.9,3.7,1200,3168,44,683,100,45,50,4,4,11.7
21,4804,2016-11-04 00:00:00,30,1.44,9.6,3.8,1100,3550,47,190,114,43,41,4,4,12.3
22,4805,2016-11-04 00:00:00,25,1.22,9.4,3.7,1100,3691,47,189,93,53,57,4,5,12.9
23,4806,2016-11-04 00:00:00,25,1.19,6.8,3.7,800,3224,47,189,93,46,59,4,5,12.8
24,4807,2016-11-04 00:00:00,26,1.25,6.8,3.7,800,3167,47,189,96,48,51,4,5,12.6
25,4808,2016-11-04 00:00:00,26,1.24,8.5,3.6,1000,3104,46,191,94,52,48,4,5,12.7
26,4809,2016-11-04 00:00:00,33,1.53,10.4,3.7,1200,3441,46,189,122,54,52,4,4,12.4
27,4810,2016-11-04 00:00:00,33,1.53,11.6,3.8,1300,3264,46,187,125,41,39,4,4,12.1
28,4811,2016-11-05 00:00:00,34,1.53,10.9,3.7,1200,3417,44,190,126,64,42,4,4,11.8
29,4812,2016-11-05 00:00:00,37,1.55,13.6,3.7,1400,4321,41,189,137,66,46,3,4,11.1
30,4813,2016-11-05 00:00:00,16,0.64,10.5,4.1,900,5313,38,195,66,57,69,3,4,9.4
31,4814,2016-11-05 00:00:00,23,0.9,9.8,3.8,900,5652,38,209,87,50,79,3,4,9.9
32,4815,2016-11-05 00:00:00,28,1.23,8.6,3.8,900,3914,43,207,106,41,54,3,5,11.5
33,4816,2016-11-05 00:00:00,28,1.23,10.3,3.8,1100,3877,44,210,106,34,40,3,4,11.7
34,4817,2016-11-05 00:00:00,30,1.23,10.7,3.6,1100,4494,40,208,108,33,59,3,4,10.9
35,4818,2016-11-05 00:00:00,27,1.26,8.1,3.8,900,4037,46,209,103,33,77,3,5,12.1
36,4819,2016-11-05 00:00:00,26,1.23,9.8,3.8,1100,4190,46,208,99,43,74,4,4,12.1
37,4820,2016-11-05 00:00:00,26,1.23,8.3,3.9,900,4404,46,210,101,45,72,4,5,11.9
38,4821,2016-11-06 00:00:00,29,1.25,10.1,4,1000,4279,43,207,116,53,63,4,4,10.8
39,4822,2016-11-06 00:00:00,32,1.22,11.4,4,1000,3897,38,204,128,61,49,4,4,9.4
40,4823,2016-11-06 00:00:00,30,1.19,8.9,4,800,3448,39,209,120,66,58,4,5,9.8
41,4824,2016-11-06 00:00:00,33,1.24,7.6,3.7,700,4090,37,209,122,54,67,4,5,10.1
42,4825,2016-11-06 00:00:00,26,1.25,5.1,3.7,600,3359,47,206,96,60,34,4,5,12.6
43,4826,2016-11-06 00:00:00,22,1.22,9.6,4,1200,3128,54,206,88,77,39,4,4,13.2
44,4827,2016-11-07 00:00:00,23,1.23,12.4,4,1500,2867,52,209,92,61,30,4,4,13
45,4828,2016-11-07 00:00:00,27,1.44,10.2,4.1,1200,2839,52,207,111,81,29,4,4,12.7
46,4829,2016-11-07 00:00:00,28,1.22,10,3.6,1100,3471,43,206,101,78,65,4,4,12
47,4830,2016-11-07 00:00:00,26,1.26,10.5,3.9,1200,3705,48,207,101,52,56,4,4,12.4
48,4831,2016-11-07 00:00:00,29,1.25,12.1,4,1200,4203,43,210,116,54,49,4,4,10.8
49,4832,2016-11-07 00:00:00,28,1.24,10.8,3.9,1100,3881,43,208,109,45,48,4,4,11.2
50,4833,2016-11-08 00:00:00,29,1.24,11,3.9,1100,3951,42,208,113,56,38,4,4,10.9
51,4834,2016-11-08 00:00:00,35,1.54,8.8,3.9,900,3983,43,208,137,56,47,4,5,11.1
52,4835,2016-11-08 00:00:00,32,1.44,9.3,3.8,1000,4232,44,209,122,46,45,4,5,11.4
53,4836,2016-11-08 00:00:00,24,1.23,6.8,3.9,800,3670,50,205,94,35,41,4,5,12.8
54,4837,2016-11-08 00:00:00,26,1.24,6.3,3.8,700,3218,46,207,99,36,37,4,5,12.2
55,4838,2016-11-08 00:00:00,24,1.24,6.8,3.9,800,3629,50,209,94,45,55,4,5,12.9
56,4839,2016-11-08 00:00:00,27,1.23,9.1,3.8,1000,4081,45,206,103,76,69,4,5,11.9
57,4840,2016-11-08 00:00:00,27,1.24,9.4,3.9,1000,4470,45,205,105,71,70,4,5,11.5
58,4841,2016-11-08 00:00:00,27,1.24,6.8,3.9,700,5474,44,211,105,63,59,4,5,11.5
59,4842,2016-11-09 00:00:00,26,1.25,6,3.8,700,3935,48,208,99,56,63,4,5,12.7
60,4843,2016-11-09 00:00:00,25,1.23,5.7,3.7,700,3238,49,207,93,44,58,4,5,13
61,4844,2016-11-09 00:00:00,30,-0.05,10.2,3.7,1200,3073,47,206,111,36,31,4,4,12.5
62,4845,2016-11-09 00:00:00,28,1.23,9.9,3.5,1100,4120,42,207,98,69,46,4,4,12
63,4846,2016-11-09 00:00:00,29,1.25,12,3.9,1200,4708,42,209,113,63,47,4,4,10.9
64,4847,2016-11-09 00:00:00,27,1.25,9.8,3.8,1100,4295,46,208,103,34,52,4,4,12
65,4848,2016-11-10 00:00:00,28,1.24,15.3,3.9,1600,4792,44,208,109,31,54,4,3,11.3
66,4849,2016-11-10 00:00:00,35,1.21,17.1,3.6,1500,4587,34,210,126,50,59,4,3,9.3
67,4850,2016-11-10 00:00:00,30,1.24,13.8,3.5,1500,4083,41,208,105,48,45,4,3,11.5
68,4851,2016-11-10 00:00:00,30,1.24,12,3.5,1300,3753,41,208,105,36,49,4,4,11.7
69,4852,2016-11-10 00:00:00,28,1.21,11.5,3.8,1200,3844,43,209,106,39,53,4,4,11.3
70,4853,2016-11-11 00:00:00,28,1.25,9.4,3.8,1000,4452,44,207,106,50,54,4,4,11.3
71,4854,2016-11-11 00:00:00,25,1.25,11.1,4.2,1200,4747,49,208,105,40,66,4,4,11.6
72,4855,2016-11-11 00:00:00,26,1.25,11.1,3.8,1300,4032,48,208,99,32,90,4,4,12.4
73,4856,2016-11-11 00:00:00,29,1.44,10.9,3.8,1300,3604,49,208,110,31,67,4,4,13.1
74,4857,2016-11-11 00:00:00,24,1.22,7.2,3.7,900,3265,50,206,89,51,57,4,5,13.3
75,4858,2016-11-11 00:00:00,25,1.24,7.5,3.7,900,3522,48,206,93,57,48,4,5,12.9
76,4859,2016-11-11 00:00:00,25,1.24,6.7,3.7,800,4200,48,207,93,52,38,4,5,12.9
77,4860,2016-11-11 00:00:00,25,1.22,5,3.7,600,3861,48,209,93,62,52,4,5,12.8
78,4861,2016-11-11 00:00:00,25,1.23,5.6,3.6,700,3142,49,207,90,46,40,4,5,13.6
79,4862,2016-11-11 00:00:00,26,1.24,7.5,3.7,900,3421,48,206,96,48,38,4,5,13
80,4863,2016-11-11 00:00:00,24,1.24,7.4,3.8,900,3071,50,208,91,59,41,4,5,13.2
81,4864,2016-11-12 00:00:00,35,1.74,8.2,3.7,1000,3515,49,209,130,60,37,3,5,13.1
82,4865,2016-11-12 00:00:00,22,1.05,8.3,3.7,1000,3360,48,208,81,52,48,3,5,12.9
83,4866,2016-11-12 00:00:00,33,1.54,8.7,3.7,1000,3751,46,209,122,85,52,3,5,12.5
84,4867,2016-11-12 00:00:00,31,-0.09,10.2,3.6,1000,3899,38,210,112,85,40,3,4,10.6
85,4868,2016-11-12 00:00:00,26,1.23,7.2,3.8,800,4119,46,210,99,78,36,3,5,12
86,4869,2016-11-12 00:00:00,27,1.23,7.4,3.5,900,3572,46,210,95,57,49,3,5,12.9
87,4870,2016-11-12 00:00:00,26,1.23,9.4,3.4,1200,3264,47,208,88,50,45,3,5,13.9
88,4871,2016-11-12 00:00:00,27,1.23,10,3.4,1200,3081,44,210,92,46,54,3,4,12.9
89,4872,2016-11-13 00:00:00,28,1.26,9.7,3.6,1100,2869,44,207,101,35,54,3,4,12.4
90,4873,2016-11-13 00:00:00,30,1.54,6.6,3.8,800,2863,50,198,114,31,43,3,4,13.3
91,4874,2016-11-13 00:00:00,28,1.44,7.4,3.8,900,3001,50,197,106,38,55,3,5,13.1
92,4875,2016-11-13 00:00:00,30,1.43,5,3.6,600,3407,47,200,108,74,82,3,5,13.1
93,4876,2016-11-13 00:00:00,25,1.25,8.6,3.6,1100,3485,50,199,90,56,63,3,5,13.7
94,4877,2016-11-13 00:00:00,32,1.46,8.3,3.9,900,4458,46,197,125,71,79,3,5,11.6
95,4878,2016-11-13 00:00:00,26,1.23,10.1,3.9,1100,4039,46,197,101,41,65,4,4,11.8
96,4879,2016-11-14 00:00:00,28,1.23,8.1,3.8,900,4029,46,198,106,52,49,4,5,12.1
97,4880,2016-11-14 00:00:00,28,1.46,8.5,4.1,1000,3642,52,199,115,38,36,4,5,12.7
98,4881,2016-11-14 00:00:00,27,1.21,6.7,3.5,800,3738,45,199,95,60,44,4,5,12.7
99,4882,2016-11-14 00:00:00,25,1.19,9.6,3.7,1100,3670,46,199,93,60,45,4,4,12.4
100,4883,2016-11-14 00:00:00,27,1.27,6.6,3.5,800,3498,46,197,95,53,53,4,5,13.4
101,4884,2016-11-14 00:00:00,25,1.23,7.7,3.4,1000,3001,48,200,85,46,53,4,5,13.9
102,4885,2016-11-14 00:00:00,24,1.23,9.7,4,1100,2953,49,195,96,49,69,4,4,12.3
103,4886,2016-11-15 00:00:00,26,1.23,11.9,4,1300,3195,47,197,104,32,61,4,4,11.6
104,4887,2016-11-15 00:00:00,31,1.43,13.4,3.8,1500,3947,46,198,118,46,73,4,4,11.9
105,4888,2016-11-15 00:00:00,27,1.24,11.2,3.9,1200,3560,45,196,105,33,64,4,4,11.5
106,4889,2016-11-16 00:00:00,27,1.23,12.4,3.7,1400,3640,45,198,100,26,71,4,4,12.1
107,4890,2016-11-16 00:00:00,29,1.25,13,3.6,1400,3744,42,198,104,24,74,4,4,11.6
108,4891,2016-11-16 00:00:00,30,1.24,12,3.5,1300,3447,41,198,105,29,57,4,4,11.7
109,4892,2016-11-16 00:00:00,26,1.1,11.7,3.5,1300,3720,42,198,91,59,50,4,4,12.1
110,4893,2016-11-16 00:00:00,32,1.45,14,3.8,1500,4217,44,198,122,39,33,4,3,11.6
111,4894,2016-11-16 00:00:00,28,1.26,14.8,4.3,1400,5103,44,198,120,48,46,4,3,10.2
112,4895,2016-11-16 00:00:00,28,1.24,18.1,4.6,1600,5118,44,199,129,71,72,4,2,9.7
113,4896,2016-11-16 00:00:00,30,1.24,14.7,4,1400,4505,41,198,120,73,51,4,3,10.3
114,4897,2016-11-16 00:00:00,26,1.26,12.2,3.8,1400,3873,47,199,99,67,56,4,4,12.6
115,4898,2016-11-16 00:00:00,27,1.28,15.8,4.3,1600,4961,47,198,116,56,70,4,3,10.8
116,4899,2016-11-16 00:00:00,31,1.24,23.9,4.8,1800,6280,39,216,149,56,61,4,2,8.2
117,4900,2016-11-17 00:00:00,34,1.23,27.9,4.9,1900,6944,36,217,167,74,40,4,2,7.2
118,4901,2016-11-17 00:00:00,35,1.25,14.9,4.4,1100,5454,35,215,154,63,35,4,3,8
119,4902,2016-11-17 00:00:00,43,1.44,10.8,4.7,700,6485,33,217,202,66,48,4,4,7
120,4903,2016-11-17 00:00:00,29,1.25,13,4.6,1100,4902,42,216,133,28,79,4,4,9.3
121,4904,2016-11-17 00:00:00,27,1.26,9.9,4.2,1000,4026,46,215,113,33,82,4,4,11
122,4905,2016-11-17 00:00:00,26,1.22,9.1,3.6,1100,3331,47,216,94,48,61,4,5,13.2
123,4906,2016-11-17 00:00:00,26,1.24,10.8,3.9,1200,4231,47,197,101,51,47,4,4,12.1
124,4907,2016-11-17 00:00:00,30,1.25,10.3,3.9,1000,3016,41,195,117,39,32,4,4,10.6
125,4908,2016-11-18 00:00:00,30,1.26,10.7,3.8,1100,2617,42,198,114,36,33,4,4,11.1
126,4909,2016-11-18 00:00:00,33,1.54,7,3.7,800,2724,46,198,122,35,30,4,5,12.6
127,4910,2016-11-18 00:00:00,18,0.87,8.6,3.8,1000,2966,48,196,68,34,28,4,5,12.8
128,4911,2016-11-18 00:00:00,40,1.68,7.2,3.4,800,2914,41,200,136,37,30,4,5,12
129,4912,2016-11-18 00:00:00,33,1.52,8.3,3.2,1100,2783,46,199,106,39,31,4,5,14.5
130,4913,2016-11-18 00:00:00,27,1.23,8.4,3.1,1100,2601,44,189,84,37,31,4,5,14.2
131,4914,2016-11-18 00:00:00,34,1.52,7.4,3.4,900,3040,45,191,116,45,35,4,5,13.3
132,4915,2016-11-18 00:00:00,5,0.15,7.9,3.4,600,2546,28,186,17,81,79,4,5,8.3
133,4916,2016-11-18 00:00:00,24,1.08,8.8,3.5,1000,3465,43,188,84,49,57,4,5,12.2
